Date,PPI- Commodities, PPI- Farm Products,PPI- Grains,PPI- OilSeeds,PPI- Corn,PPI- Soybeans,"PPI- Industry, Food","PPI- Freight, WareHousing",GDP (Bn USD),Gold,DX,Crude,USD?BRL
2000-01,128.3,95.9,77.8,89.7,77.1,79.6,126.7,77.55,,284.86,101.5455,,
2000-02,129.8,97.5,82.4,94.7,82.8,83.9,127.2,77.83,,299.44,104.4565,,
2000-03,130.8,100.6,85.9,98.3,87.8,87.1,127.4,78.11,,286.4,105.6243478,,
2000-04,130.7,101.6,82.6,98,83.6,87.3,128.1,78.4,,280.09,106.5363158,,
2000-05,131.6,103.7,85.8,102.3,87.7,91.6,129.3,78.68,,274.74,110.8768182,,
2000-06,133.8,100.1,78.6,97.1,76.1,87,129.4,78.96,,284.92,107.2454545,,
2000-07,133.7,97.3,71,90.8,65.3,80.8,129.4,79.24,,281.79,108.166,,
2000-08,132.9,94.6,66.8,87.4,61.7,77.8,128.7,79.52,,274.29,111.0365217,,
2000-09,134.7,98,70.1,92.5,65.5,82.8,128.5,79.81,,273.62,114.3585,,
2000-10,135.4,100.3,76.3,89.9,71.9,79.4,128.7,80.09,,270.31,115.8740909,,
2000-11,135,101.5,81.2,90,78.3,79.1,128.8,80.37,,265.47,116.4528571,,
2000-12,136.2,103.4,81.2,94.8,78.9,84.1,129.6,80.65,,271.67,112.9665,,
2001-01,140,104.5,85.7,93.6,83.8,82.8,130.3,80.94,,265.87,110.1195238,,
2001-02,137.4,103.6,80.1,86.5,77.2,75,130.8,81.22,,261.75,111.7131579,,
2001-03,135.9,107.3,84,86.9,81.6,76.2,131.8,81.5,,263.32,113.6577273,,
2001-04,136.4,106,80.4,84.2,78.6,73.3,132.5,81.78,,260.29,115.6145,,
2001-05,136.8,106.8,79.7,88.2,74.3,76.5,133.4,82.06,,271.62,116.5877273,,
2001-06,135.5,105.9,77.6,91.3,72.4,80.8,133.7,82.35,,270.49,118.9552381,,
2001-07,133.4,105,81,97.4,79.2,87,134,82.63,,267.61,118.5280952,,
2001-08,133.4,105.5,83.1,98.6,83,88.4,134.6,82.91,,272.19,114.5913043,,2.5481
2001-09,133.3,105.3,81.7,91.4,80.8,80.1,134.5,83.19,,282.53,113.29,,2.657665
2001-10,130.3,101.2,78.5,86.7,75.8,75.3,134.1,83.48,,283.38,114.1117391,,2.741217391
2001-11,129.8,97.3,80.3,86.5,77.5,74.7,132.4,83.76,,276.03,115.9722727,,2.549159091
2001-12,128.1,96.6,82.6,85.3,81.1,73.6,131.7,84.04,,276.29,116.129,,2.360238095
2002-01,128.5,99.9,82.2,85.5,80.2,74.5,131.5,84.32,10783.5,281.8,117.5833333,,2.379536364
2002-02,128.4,101.8,80.9,85.3,79.2,73.8,132,84.61,10783.5,295.55,119.0978947,,2.42105
2002-03,129.8,104.4,81.2,88,80,76.7,132,84.89,10783.5,294.57,117.993,,2.343714286
2002-04,130.8,94.3,79.3,90.1,78.1,78.3,131.5,85.17,10887.5,303.14,117.0313636,,2.320954545
2002-05,130.8,96.6,82.8,91.5,83.1,81.4,130.9,85.45,10887.5,314.09,113.5736364,,2.483681818
2002-06,130.9,96.2,81.5,96.9,80.1,86.2,131.3,85.73,10887.5,321.73,109.8525,,2.721085
2002-07,131.2,97.9,90,109.6,88.8,97.8,131.5,86.02,10984,313.89,105.8218182,,2.940586957
2002-08,131.5,99.7,104.6,112.1,105.7,100.4,131.3,86.3,10984,310.18,107.4095455,,3.101681818
2002-09,132.3,99.8,114.1,110.4,111.9,99.5,136.1,86.58,10984,318.98,107.2385,,3.34797619
2002-10,133.2,99.1,105.8,103.3,99.5,92.6,131.6,86.86,11061.4,316.76,107.5781818,,3.798826087
2002-11,133.1,99.1,98.8,106.5,93.9,95.9,131.6,87.15,11061.4,319.19,105.7305263,,3.588809524
2002-12,132.9,99.1,96.3,106.2,91.8,95.4,132.6,87.43,11061.4,333.8,104.3604762,,3.639166667
2003-01,135.3,104.1,93.8,104.2,91.5,93.3,133.9,87.71,11174.1,357.15,100.9457143,,3.436613636
2003-02,137.6,104.6,98.6,108.5,96.8,97.4,134.5,87.99,11174.1,358.18,99.88210526,,3.59391
2003-03,141.2,104,95.3,108.8,94.6,97.6,134.8,88.27,11174.1,340.67,99.66333333,,3.450547619
2003-04,136.8,105.6,96.8,116.6,97.1,105.5,135.1,88.56,11312.8,329.21,99.44952381,,3.106113636
2003-05,136.7,109.2,101.5,119.9,101.5,109.6,135.7,88.84,11312.8,355.39,94.57190476,25.361,2.960136364
2003-06,138,107.3,97.9,118.5,97.3,108,137.1,89.12,11312.8,357.36,93.53047619,27.111,2.877838095
2003-07,137.7,105.5,87.8,112.8,86.1,102,137,89.4,11566.7,350.88,95.66409091,28.29909091,2.878886957
2003-08,138,109,91.7,106.7,88.8,96.6,137.8,89.69,11566.7,359.91,97.18666667,29.486,2.999771429
2003-09,138.5,116.1,96.6,114.3,96.6,104.8,139,89.97,11566.7,378.67,95.97619048,29.486,2.921427273
2003-10,139.3,124.4,87.9,134.5,84.9,125.1,141.8,90.25,11772.2,378.69,92.10681818,29.486,2.85986087
2003-11,138.9,123.7,96.6,141.3,92.1,131.3,141.5,90.53,11772.2,389.76,91.99166667,29.49,2.91121
2003-12,139.5,124.3,101.3,144.8,98,134.2,141.1,90.81,11772.2,408.21,88.59772727,29.56619048,2.925482609
2004-01,141.4,117.4,105.5,152.4,104.3,141.8,139.3,91.1,11923.4,414.4,86.3285,30.81142857,2.847052381
2004-02,142.1,120.4,108.1,155.1,109,144,140.4,91.38,11923.4,404.57,86.31,30.284,2.929935
2004-03,143.1,129.1,112.6,173.5,116.1,162.6,142.4,91.66,11923.4,406.12,88.43173913,32.82217391,2.905813043
2004-04,144.8,129.6,117.6,176.3,121.9,165.9,146.1,91.94,12112.8,406.44,89.71761905,32.9225,2.904668182
2004-05,146.8,135.1,113.9,189.7,116.7,178.4,149.1,92.23,12112.8,384.12,90.6435,37.14894737,3.094180952
2004-06,147.2,129.7,108.4,165.4,110.4,154.4,148.6,92.51,12112.8,392.06,89.14285714,35.81727273,3.130745455
2004-07,147.4,124.4,99.1,163.9,97.6,153.7,146.5,92.79,12305.3,398.24,88.29285714,37.36727273,3.04225
2004-08,148,119,92.1,109.9,91.2,99.1,144.6,93.07,12305.3,400.76,88.91818182,41.9252381,3.006581818
2004-09,147.7,118.7,90.7,106.1,86,96,143.8,93.35,12305.3,405.63,88.65190476,42.535,2.894563636
2004-10,150,119.2,80.4,95.1,71.8,84.2,143.5,93.64,12527.2,420.6,86.98714286,49.26761905,2.851480952
2004-11,151.4,118,80.6,96.6,69.6,85.7,143.3,93.92,12527.2,438.84,83.76761905,44.93681818,2.795409091
2004-12,150.2,118.4,83.8,105.4,75.6,94.3,144.2,94.2,12527.2,443.04,81.63272727,40.53714286,2.718969565
2005-01,150.9,118.8,84.9,103.8,77.2,92.6,144.7,94.48,12767.3,424.98,82.9985,44.058,2.695947619
2005-02,151.6,117.6,82.6,103.5,75.6,91.7,145,94.77,12767.3,423.65,83.77315789,45.6395,2.600215
2005-03,153.7,123,90.4,124.5,84.1,112.4,146,95.05,12767.3,434,82.78045455,53.0747619,2.706204348
2005-04,155,120.7,83.4,114.8,77.8,102.9,146.3,95.33,12922.7,429.27,84.27714286,53.50333333,2.583738095
2005-05,154.3,121.5,83.8,119.9,77.7,107.7,147.1,95.61,12922.7,423.24,85.51333333,49.8875,2.453077273
2005-06,154.3,118.3,85.8,127.3,80.6,116,146.4,95.89,12922.7,430.36,88.41318182,55.02,2.417113636
2005-07,156.3,116.3,88.2,128.2,84.8,118.3,146.3,96.18,13142.6,424.86,89.711,57.68142857,2.372661905
2005-08,157.6,114.5,83,118.1,77.7,109.2,146,96.46,13142.6,437.9,88.01130435,63.41409091,2.361891304
2005-09,162.2,116.8,78.3,103.6,67.8,93.2,146.3,96.74,13142.6,455.34,88.03142857,64.05090909,2.300190909
2005-10,166.2,115.7,76.1,98.5,62.6,88.5,146.7,97.02,13324.2,470.02,89.70857143,59.74190476,2.254804762
2005-11,163.7,117.5,79.9,107.6,69.2,97.7,146.1,97.31,13324.2,476.5,91.46380952,56.48454545,2.212968182
2005-12,163,121.1,84.1,110.6,76.1,100.9,146.2,97.59,13324.2,508.64,90.95666667,57.4685,2.2796
2006-01,164.3,117.4,85.2,106.2,77.8,96.3,146.4,97.87,13599.2,547.56,89.1455,63.43571429,2.275754545
2006-02,161.8,111.9,87.3,106.1,79.2,96.7,145.1,98.15,13599.2,556,90.27,61.7785,2.163015
2006-03,162.2,111,88.5,104.8,81,95.4,145.2,98.43,13599.2,557.4,89.96826087,62.85913043,2.149569565
2006-04,164.3,111.3,95.8,102.2,88.9,92.6,144.1,98.72,13753.4,608.45,88.54578947,70.23210526,2.13174
2006-05,165.8,109.8,96.7,107.7,89.3,98.1,144.7,99,13753.4,673.6,84.94045455,71.13857143,2.167547826
2006-06,166.1,113.8,95.7,106.4,88.2,96.7,146.4,99.28,13753.4,597.6,85.76227273,69.64909091,2.250504545
2006-07,166.8,115.5,102.9,108.4,95.3,98.6,147.4,99.56,13870.2,632.99,85.8815,74.40047619,2.189257143
2006-08,167.9,118.5,90.7,101,82.1,90.7,147.5,99.85,13870.2,630.97,85.08565217,74.33913043,2.157465217
2006-09,165.4,120.3,92.1,97.5,82.9,87,147.9,100.13,13870.2,599.92,85.5695,64.24,2.167528571
2006-10,162.2,123.2,113.6,102.3,108.2,91.8,147.6,100.41,14039.6,586.69,86.38409091,60.02636364,2.149972727
2006-11,164.6,124.5,134.7,119.5,137.4,109.1,149,100.69,14039.6,626.29,84.94619048,59.43954545,2.156468182
2006-12,165.6,127,133.9,119.8,136.4,108.9,149.8,100,14039.6,629.39,83.3065,62.53315789,2.149890476
2007-01,164,127.1,131.5,119.6,134.6,108.4,151.6,101.7,14215.7,630.19,84.71619048,54.86045455,2.138386364
2007-02,166.8,137.5,149,134.9,156.4,123.1,153.8,101.9,14215.7,664.44,84.45421053,58.266,2.09637
2007-03,169.3,140.6,147.8,127.8,154.3,115.9,155.8,102.3,14215.7,654.62,83.51045455,62.01772727,2.089677273
2007-04,171.4,141.3,135.7,131.5,136.9,119.4,156.9,102.8,14402.1,679.38,82.24095238,67.656,2.033304762
2007-05,173.3,142.7,140.7,137.3,143.2,125.3,158.7,103.4,14402.1,668.19,82.07154545,67.93391304,1.986604348
2007-06,173.8,141.8,151,144.3,153.1,131.9,160.3,104.7,14402.1,655.54,82.49685714,70.30238095,1.933280952
2007-07,175.1,143.4,138.7,153.3,133.3,140.6,160.4,105.1,14564.1,664.87,80.81290476,75.35454545,1.885386364
2007-08,172.4,140.4,136.5,141.2,126,128.5,160.3,105.4,14564.1,665.41,80.95591304,71.48869565,1.956569565
2007-09,173.5,146.8,146.3,158.5,124.2,145.3,160.8,104.5,14564.1,709.97,79.464,76.351,1.907755
2007-10,174.7,148.2,150.6,165.7,124.8,151.1,160.7,105.6,14715.1,754.51,77.87117391,81.82826087,1.802765217
2007-11,179,151,162.1,188.3,144.8,173.2,161.4,106.5,14715.1,806.82,75.63385714,92.44045455,1.764631818
2007-12,178.6,159.6,188.5,207.8,165.7,192.5,162.8,106.6,14715.1,804.71,76.69375,91.084,1.786055
2008-01,181,164.2,214.5,226.9,193.8,211.2,165.8,108.3,14706.5,886.89,76.00672727,92.12863636,1.773368182
2008-02,182.7,164.4,223.1,235.8,190.2,219.4,167.5,108.3,14706.5,923.22,75.73866667,94.09333333,1.733042857
2008-03,187.9,169.6,245.6,246,217.8,228.7,169.8,109.8,14706.5,963.34,72.51755,102.653,1.706280952
2008-04,190.9,166.7,239.8,244.9,232.1,228.2,171.2,110.5,14865.7,912.08,72.10131818,109.6554545,1.688163636
2008-05,196.6,169.7,233.4,244.2,228.3,226.9,174,112.7,14865.7,890.33,72.83763636,123.5886364,1.659690909
2008-06,200.5,176.2,251.1,260.4,256,242.6,176.1,115.1,14865.7,888.61,73.19709524,132.5561905,1.619485714
2008-07,205.5,174.3,235.7,278,240.5,259.5,180.3,116,14899,940.66,72.4896087,135.7930435,1.590304348
2008-08,199,164.7,209.8,219.2,205.4,203,180.5,116,14899,840.88,75.8642381,116.2666667,1.607785714
2008-09,196.9,163.5,201.5,220,201.4,200.6,179.2,115.1,14899,826.98,78.15345455,101.3040909,1.782622727
2008-10,186.4,145.3,157.2,162.2,152.6,144.1,176.4,114.3,14608.2,811.69,82.81247826,76.08086957,2.162117391
2008-11,176.8,143.1,150.6,164.8,144.9,147.2,173.4,112.3,14608.2,755.87,86.39105,55.6525,2.231355
2008-12,170.9,133.9,133.7,152.4,126,135.1,171.1,109.9,14608.2,821.9,83.31881818,43.64590909,2.367918182
2009-01,171.2,136.4,147.2,179.2,139.8,161.9,170.1,110,14430.9,859.59,83.8062381,45.28619048,2.28037
2009-02,169.3,132.8,150.3,182.2,146,164.7,168.7,108.2,14430.9,941.12,86.4834,44.011,2.306865
2009-03,168.1,130.6,151.5,167.9,147.9,150.9,167.6,107.2,14430.9,927.94,86.55518182,47.29136364,2.305463636
2009-04,169.1,136.8,152.2,193.5,150.1,176.1,168.6,107.1,14381.2,892.41,85.27119048,51.17809524,2.202071429
2009-05,170.8,137.8,166.7,212.1,166.2,193.3,170.5,106.4,14381.2,926.13,82.4113,57.50857143,2.075238095
2009-06,174.1,142.1,173.9,232,173.9,213,171.4,107,14381.2,948.09,80.09404545,69.09727273,1.946690909
2009-07,172.5,131.6,142.6,199.7,140.5,182.5,169.7,107.8,14448.9,933.79,79.63734783,65.61086957,1.935726087
2009-08,175,130.1,136.4,218.4,135.9,200,169.7,108.6,14448.9,949.84,78.41271429,72.87428571,1.8412
2009-09,174.1,126.8,131.1,176,130.5,162.1,169.5,108,14448.9,995.27,77.0482381,68.415,1.82535
2009-10,175.2,133.2,142.5,183.6,142.9,170.1,168.3,108.6,14651.2,1043.31,75.99313636,73.25,1.739309091
2009-11,177.4,135.5,144.6,173.1,144.4,160,169.1,109.4,14651.2,1125.67,75.39625,77.42809524,1.726761905
2009-12,178.1,141.5,144.5,189.8,144.4,176.2,171.2,109.4,14651.2,1131.77,76.6185,75.27863636,1.750195238
2010-01,181.9,142.5,143.8,180.6,142.4,167.1,172.2,111.1,14764.6,1118.92,77.76778947,77.3345,1.77404
2010-02,181,142.3,138.3,171.4,136.8,157.9,172.4,111.2,14764.6,1096.18,80.15278947,74.3135,1.844345
2010-03,183.3,150.3,138.5,173.5,137.5,160.1,172.6,112.1,14764.6,1114.73,80.62034783,79.70086957,1.783552174
2010-04,184.4,149.1,137.9,176.8,137.6,163.2,173.6,112.6,14980.2,1146.64,81.21480952,85.47047619,1.758777273
2010-05,184.8,150,143.4,175,145.4,161.7,175.8,112.8,14980.2,1204.55,85.18105,77.98,1.806861905
2010-06,183.5,141.6,136.9,176.9,138,163.4,174.6,113.6,14980.2,1232.76,86.584,75.68863636,1.806781818
2010-07,184.1,146.8,141.9,188.4,141.9,174.3,174.6,113.8,15141.6,1195.87,83.29866667,75.19863636,1.769809091
2010-08,184.9,148.4,150.8,190,145.7,176.2,175.3,113.2,15141.6,1214.68,82.09213636,77.21227273,1.753009091
2010-09,184.9,154.1,174.8,187.1,172.9,173.3,177.3,112.2,15141.6,1269.6,81.27438095,77.84681818,1.714786364
2010-10,186.6,157.4,196.7,206.9,202.3,192.2,178.2,113.2,15309.5,1342.35,77.53609524,83.53285714,1.675990476
2010-11,187.7,162.1,203.1,234.3,208.5,219.1,179.4,113.7,15309.5,1370.94,78.23918182,85.99181818,1.710272727
2010-12,189.7,166.8,216,231.7,221.3,216.2,179.8,113.9,15309.5,1390.56,80.14281818,91.77434783,1.692134783
2011-01,192.7,173.3,226.7,243.7,232.2,227.4,181.1,115.7,15351.4,1365.03,79.24905,96.59,1.668747619
2011-02,195.8,189.8,255.2,247.4,261.3,229.8,184.6,116.8,15351.4,1371.03,77.80115789,103.57,1.66361
2011-03,199.2,185.1,239.1,231.7,250.9,214.5,187.8,118.7,15351.4,1422.05,76.33973913,114.463913,1.658130435
2011-04,203.1,191.1,272.1,241.7,287.1,224.5,190.8,119.6,15557.5,1478.86,74.81547619,122.5355,1.586675
2011-05,204.1,186,266,244,278.2,226.2,191.2,120.3,15557.5,1513.5,74.87542857,115.0922727,1.611486364
2011-06,203.9,192.6,281.9,251.2,301.7,233.2,191.8,120.4,15557.5,1529.75,74.6805,113.9331818,1.586404545
2011-07,204.6,188.4,260.7,251.1,279.8,232.7,193.4,120.4,15647.7,1568.25,74.71214286,116.2857143,1.561752381
2011-08,203.2,192.2,263.6,242.1,283.2,222.2,195.5,120.7,15647.7,1755.45,74.23686957,110.1178261,1.59286087
2011-09,203.7,190.3,266.8,248.9,286.7,227.9,196.4,120.1,15647.7,1780.67,76.86595238,110.8609091,1.731913636
2011-10,201.1,183.5,240.3,226.2,252.5,205.5,194.4,120.5,15842.3,1666.21,77.30957143,108.53,1.77467619
2011-11,201.4,186.7,243.5,223.8,256.4,201.2,194.8,120.7,15842.3,1737.48,77.89313636,110.6127273,1.779986364
2011-12,199.8,181.3,226.4,212,237.6,190.3,194.2,120.9,15842.3,1646.75,79.5162381,108.0980952,1.835572727
2012-01,200.7,184.7,243.5,229.1,259.4,206.5,194.9,122.1,16068.8,1648.3,80.36213636,111.4985714,1.789157143
2012-02,201.6,185.7,241.6,237.2,256.8,214.3,194.9,122.9,16068.8,1743.6,78.94155,118.3590476,1.716480952
2012-03,204.2,191.1,250.5,253.5,268.2,229.9,195.7,124.1,16068.8,1677.74,79.51463636,124.5040909,1.786286364
2012-04,203.7,187,242.3,267.2,258.7,243.1,196,124.5,16207.1,1649.22,79.4487619,120.657,1.849215
2012-05,201.9,185.1,234.2,264.1,249.7,240.7,196.6,124.5,16207.1,1591.74,80.842,111.3382609,1.977243478
2012-06,199.8,184.7,232.8,268.7,247.6,245.1,197.1,124.5,16207.1,1598.4,82.26004762,96.42571429,2.050380952
2012-07,200.1,193.9,278.8,299.1,298.4,274.7,198.2,124,16319.5,1592.39,83.00531818,102.1613636,2.024659091
2012-08,202.7,199.4,289.7,301.9,312.3,282.8,200.6,124.2,16319.5,1626.39,82.22726087,112.3734783,2.027173913
2012-09,204.4,200.2,289.2,311.4,310.1,289.8,202.1,123.3,16319.5,1741.38,79.96415,113.387,2.023415
2012-10,203.5,198.2,280.7,284.2,297.7,263.1,202.4,124.2,16420.4,1746.24,79.75430435,111.8,2.02623913
2012-11,201.8,199.8,277.2,262.2,292.8,240.7,202.6,124.1,16420.4,1722.84,80.676,109.3909091,2.060736364
2012-12,201.5,200,277.2,273.5,293.7,252.3,201.7,124,16420.4,1686.16,79.79375,109.2875,2.080266667
2013-01,202.5,202.7,278.8,267.1,297.8,246.8,200.6,125,16648.2,1671.35,79.91859091,112.0431818,2.03023913
2013-02,204.3,197.5,268.1,262.9,286.2,244.9,200.6,125.4,16648.2,1630.8,80.469,116.44,1.971645
2013-03,204,203.8,275.4,272.9,297.5,254.4,200.9,126.3,16648.2,1592.2,82.6172381,109.663,1.980809524
2013-04,203.5,196.1,251.1,260.3,264.7,242.5,200.6,125.5,16728.7,1489.78,82.57959091,103.8304545,1.998754545
2013-05,204.1,203,261.9,273.1,278.3,254.6,201.7,125.1,16728.7,1421.44,83.15217391,103.243913,2.028956522
2013-06,204.3,203.1,265.7,284.5,284.9,265.5,202.7,126,16728.7,1349.67,81.8907,103.3365,2.16442
2013-07,204.4,200.7,257,292.4,274.6,274.6,203.2,126.3,16953.8,1285.02,82.86769565,107.1430435,2.24386087
2013-08,204.2,191.4,216.2,242.7,223.2,225.6,202.3,126.5,16953.8,1350.06,81.47927273,110.0395455,2.337136364
2013-09,203.9,188,200.2,258.7,201.2,241.6,202.4,125.1,16953.8,1351.76,81.29909524,111.5655,2.269733333
2013-10,202.5,186.3,182.4,241.9,175.4,222.2,201,125.9,17192,1315.75,79.8836087,109.3886957,2.187034783
2013-11,201.2,186,178.2,244.2,171.3,226.3,200.3,125.4,17192,1279.99,80.8012381,107.71,2.291485714
2013-12,202,184.8,179,244,172.3,227.4,200.7,126.8,17192,1224.53,80.36957143,110.6325,2.341304762
2014-01,203.8,188.6,177.2,242.5,170.6,224.9,201.4,126.9,17197.7,1243.07,80.79622727,107.5957143,2.376781818
2014-02,205.7,191.5,180.9,244.1,174.7,227.1,202.3,127.1,17197.7,1296.91,80.52465,108.6689474,2.38165
2014-03,207,204.1,193.2,258.4,187,241,205.9,128.4,17197.7,1336.37,79.86019048,107.867619,2.325347619
2014-04,208.3,211,203,275.5,199.2,257.9,210.9,129,17518.5,1298.51,79.89463636,107.9833333,2.229647619
2014-05,208,208.8,203.9,273.6,198.5,255.4,211,129,17518.5,1289.85,79.91595455,109.2171429,2.217663636
2014-06,208.3,205.5,184.3,267.9,178.8,250.3,211.8,129.7,17518.5,1278.48,80.45861905,111.8335,2.232480952
2014-07,208,199.3,158.9,228.9,148.3,212.6,212.9,129.8,17804.2,1313.19,80.46213043,108.5436364,2.218421739
2014-08,207,191.3,152.3,211.1,142.8,196.2,212.9,130,17804.2,1294.99,81.82871429,103.4990476,2.265095238
2014-09,206.4,193.1,148.7,195.3,136.2,180.9,212.6,128.4,17804.2,1239.09,84.23918182,98.91380952,2.322654545
2014-10,203.4,191.5,143.7,179.8,131,164.1,211.8,128.4,17912.1,1224.3,85.62226087,88.72217391,2.445443478
2014-11,200.9,196.1,151.7,190.7,140.1,175.4,210,128.2,17912.1,1176.12,87.71285,80.90526316,2.54333
2014-12,197,187.9,160.4,192,150.8,177.6,208.5,128.3,17912.1,1198.21,89.02190909,64.21772727,2.638895455
2015-01,192,180.7,157.2,183.2,149.5,168.5,205.1,128.2,18063.5,1248.27,92.806,50.08428571,2.628966667
2015-02,191.1,173.2,157.7,179.2,152.9,163.5,202.5,127.3,18063.5,1230.19,94.3992,58.21210526,2.808285
2015-03,191.5,175.5,157.6,183.1,152.8,167,201.8,127.7,18063.5,1180.44,97.70636364,57.25181818,3.124595455
2015-04,190.9,175.8,153.8,180.6,149.8,164.5,201.2,127.2,18279.8,1199.46,97.72786364,60.55666667,3.04382381
2015-05,193.4,179,148.6,175.9,145.1,159.8,202.6,127.1,18279.8,1198.12,95.18728571,65.8325,3.046304762
2015-06,194.8,181.6,151.4,181,145.1,164.4,204.6,127.9,18279.8,1182.96,95.31431818,63.385,3.109940909
2015-07,193.9,178.9,165,193.8,165.5,176.4,203.5,127.9,18401.6,1132.04,96.86226087,56.86318182,3.20753913
2015-08,191.9,178.2,148.3,185.4,148.4,169.5,203.5,126.9,18401.6,1117.22,96.43328571,47.82761905,3.499914286
2015-09,189.1,170.7,147.8,167.3,149.5,151.3,201.4,125.5,18401.6,1126.05,95.79754545,48.40863636,3.881481818
2015-10,187.5,167.1,147.2,168.4,147.2,152.9,199.5,125.8,18435.1,1155.96,95.69140909,49.01272727,3.874990909
2015-11,185.7,164.4,141,159.8,141,144.8,198.1,125.7,18435.1,1089.32,98.89890476,45.89333333,3.774247619
2015-12,183.5,160.4,147.1,162,148.4,146.7,195.1,125.2,18435.1,1068.31,98.44390909,39.18272727,3.867190909
2016-01,182.6,166.5,140.8,163.4,140.3,147.9,193.4,126,18525.9,1095.23,98.98735,31.9265,4.048465
2016-02,181.3,163.6,139.9,160.8,141.5,145.6,194.3,125.5,18525.9,1192.94,97.17009524,33.8035,3.961709524
2016-03,182.1,161.9,142.6,164.6,143.9,150,194.1,126.1,18525.9,1245.18,96.44313043,39.60409091,3.710082609
2016-04,183.2,158.9,139.6,171.4,141.9,156.7,194.8,125.5,18711.7,1238.9,94.49528571,42.85904762,3.5556
2016-05,185.3,162.7,142.7,196.8,145.9,180.2,195.7,124.7,18711.7,1261.67,94.47372727,47.59090909,3.5295
2016-06,187.6,166.7,159.8,211.7,168.2,195.7,197.5,125.7,18711.7,1270.53,94.64504545,49.90318182,3.431854545
2016-07,187.7,160.8,132.7,201.2,135,186,197.3,126.3,18892.6,1337.08,96.51095238,47.09809524,3.273714286
2016-08,186.6,152.9,124.5,185.1,124.7,170.2,196.2,125.9,18892.6,1338.78,95.36543478,46.82043478,3.207313043
2016-09,186.9,149.2,119.9,176,122.1,161.4,196.1,123.8,18892.6,1324.86,95.47881818,47.6375,3.249254545
2016-10,186.7,140.7,122.5,173.5,125.5,158,194.6,124.9,19089.4,1265.67,97.57642857,51.38428571,3.188357143
2016-11,186.3,147.6,125.6,177,128.8,163.4,193.4,125.3,19089.4,1239.55,99.61418182,47.03761905,3.330281818
2016-12,188.2,153.1,130.3,184.5,134.9,170.8,194.5,126.3,19089.4,1151.13,101.9466667,54.9447619,3.352645455
2017-01,190.7,156.1,133,183.9,136.5,168.4,195.2,127.1,19280.1,1191.2,101.3572727,55.4195,3.199831818
2017-02,191.6,160.3,138.5,188,142.4,173.1,195.5,127.4,19280.1,1232.9,100.6243,56.03368421,3.10349
2017-03,191.5,162.8,136.2,178.7,140,164.5,196.7,127,19280.1,1230.36,100.8023043,52.56652174,3.124273913
2017-04,193,165.5,135.7,168.6,139.9,154.8,197.2,127.6,19438.6,1269.07,100.0286316,53.83263158,3.134195
2017-05,192.8,167.3,136.8,176.5,140.8,161.3,198.9,127,19438.6,1244.14,98.31565217,51.4,3.202095652
2017-06,193.6,167.6,141.2,171.1,143.2,155.4,201.3,128.1,19438.6,1260.07,97.02172727,47.59227273,3.289054545
2017-07,193.5,169.4,153.1,186.4,149.9,171.9,200.3,127.8,19692.6,1235.62,95.0492381,49.1325,3.206814286
2017-08,193.8,158.2,133.7,169.5,132.1,153.7,200.3,127.7,19692.6,1281.68,93.1756087,51.90086957,3.151056522
2017-09,194.8,156.1,129.9,173.2,127.7,157.7,198.5,127.6,19692.6,1316.85,92.31957143,55.6405,3.13377619
2017-10,194.9,156.3,129.2,172.8,126.7,158.2,198,128.9,20037.1,1278.74,93.64640909,57.63090909,3.19005
2017-11,195.9,161.6,129,173.7,125.2,159.9,196.9,129.7,20037.1,1280.82,94.02004545,62.765,3.259127273
2017-12,196.3,160.5,130.5,176.5,128.8,161.9,196.6,129.1,20037.1,1264.38,93.44995,64.0375,3.293452381
2018-01,197.9,160.6,135.4,174.6,132.7,159.7,196.6,130,20328.6,1330.4,90.88340909,69.01047619,3.216308696
2018-02,199.3,162.3,143.3,181.3,141.1,168.5,197.2,131,20328.6,1332.53,89.63315,65.66105263,3.24407
2018-03,199.3,169.1,150.6,187,148.2,172.9,198.9,132.3,20328.6,1325.73,89.86819048,66.68333333,3.275277273
2018-04,200.3,163.7,151.5,189.2,148.4,174.8,199.4,132.6,20580.9,1335.15,90.18152381,71.72809524,3.397985714
2018-05,203.2,167.9,155.1,184.6,154.2,169.5,201.1,132.6,20580.9,1303.27,93.27073913,77.07636364,3.619452174
2018-06,204.2,166.2,151,174,144.9,159,200.2,134.2,20580.9,1281.5,94.36009524,75.91428571,3.77467619
2018-07,204.3,161,138.4,157.5,132.2,143.3,198.8,134.6,20798.7,1238.98,94.57886364,74.80142857,3.828027273
2018-08,203.4,152.7,144.5,157.5,137.6,143.1,197.7,134,20798.7,1201.26,95.34421739,73.86565217,3.916113043
2018-09,203.6,149.7,138.8,146.4,133.6,131.5,197.1,134.5,20798.7,1198.35,94.7719,79.15578947,4.105895
2018-10,204.6,153.4,139.2,151.1,133.8,136.8,197.4,136.1,20917.9,1214.32,95.77543478,80.59913043,3.776978261
2018-11,202.3,158,142.8,154,139.5,140.8,197.2,136.7,20917.9,1220.84,96.74363636,65.97909091,3.77905
2018-12,201,165.9,148,162,145.6,148.4,198,136.3,20917.9,1249.2,96.92495,57.7615,3.886595
2019-01,199.1,161.7,144.2,157.3,140.9,143.6,198.3,137.2,21104.1,1290.8,95.95136364,60.06904762,3.743027273
2019-02,199.2,160.6,148.7,162.7,146.2,148.6,198.8,136.4,21104.1,1319.71,96.44805,64.35,3.716475
2019-03,200.8,160.4,141.4,156.3,140.3,144.8,199.4,136.8,21104.1,1301.72,96.71461905,66.99285714,3.827290476
2019-04,202.1,162.9,141.3,160.3,141,145.8,201.1,137.4,21384.8,1286.41,97.33745455,71.59380952,3.896740909
2019-05,201.7,161.5,142.7,148.9,144.1,134,202,137.5,21384.8,1283.26,97.71821739,70.17954545,3.994886957
2019-06,200.3,165.8,165.3,155.4,170.4,140.4,202.2,138.3,21384.8,1356.74,96.8769,62.9305,3.863215
2019-07,200.7,164.2,168,161.7,176.6,146.4,202,138.6,21694.3,1415.4,97.23730435,64.19434783,3.78316913
2019-08,199.2,156.8,145.4,160.3,149.9,144.5,202.2,137.7,21694.3,1498.85,97.97395455,59.41681818,4.011437273
2019-09,198.4,151.5,142.1,156.8,145.1,141.6,202.2,136.7,21694.3,1509.97,98.59504762,62.3805,4.120167143
2019-10,198.6,161.1,153.7,168.3,157.7,153.6,201.8,137.9,21902.4,1492.92,98.25143478,59.5926087,4.091016522
2019-11,199,165.6,151.9,166.5,153.3,152.2,203.2,137.9,21902.4,1472.3,98.02295238,62.557,4.149753333
2019-12,199,166.3,149.9,166.4,151,151.8,203,139.7,21902.4,1479.31,97.4352381,65.09190476,4.116137619
2020-01,199.3,169.5,158.7,173.7,158.1,158.5,202.4,139,21706.5,1558.04,97.39231818,63.61227273,4.13979
2020-02,196.7,160.8,155.4,165,155.3,149.5,200.9,138.3,21706.5,1595.5,98.84245,55.28894737,4.339795
2020-03,193.1,157.5,153.1,163.7,154.4,148.2,201,135.8,21706.5,1592.41,98.69727273,34.05818182,4.859583182
2020-04,185.5,140.4,134.4,159.1,126,143.7,201.7,132,19913.1,1678.84,99.89081818,26.81857143,5.302675455
2020-05,188.6,148.8,131.3,159.4,123.1,144.2,216.3,132.9,19913.1,1715.53,99.62704762,32.5095,5.634514762
2020-06,191.2,151.4,134.6,161.5,128.1,146.1,204.4,134.5,19913.1,1732.94,97.11863636,40.77227273,5.184559545
2020-07,193,151.4,133.5,164.1,127.2,148.4,202.1,133.6,21647.6,1837.21,95.74321739,43.245,5.293833478
2020-08,194.3,149,127.1,161.4,120.2,146.7,201.5,132.2,21647.6,1969.31,93.071,45.05238095,5.445841905
2020-09,195.5,157,143.9,182.1,140.5,167.3,201.8,132.8,21647.6,1926.3,93.33586364,41.92238095,5.394030455
2020-10,196.5,169.9,155.6,190.6,152,175.6,203.2,135.2,22024.5,1900.13,93.40431818,41.54227273,5.621432727
2020-11,198.3,173,168.4,210,166.6,194.6,205,134.6,22024.5,1870.86,92.67128571,43.7845,5.451658095
2020-12,200.5,166.3,171.8,218.1,170.7,202.4,204.6,134.1,22024.5,1855.12,90.56468182,50.21136364,5.151442727
2021-01,204.8,178.8,203.8,259,209,243.1,205,135,22600.2,1866.44,90.1893,55.33842105,5.3469035
2021-02,210.6,182.5,216.5,256.9,224.8,240.3,208.6,136.1,22600.2,1813.98,90.6157,62.23526316,5.4034035
2021-03,215,184.3,215.5,266.1,222.8,248.5,211.8,138.5,22600.2,1723.09,91.92147826,65.70217391,5.643303043
2021-04,217.9,192.8,225.5,260.4,239.5,241.8,217.7,142.5,23292.4,1756.43,91.72118182,65.32428571,5.574577727
2021-05,224.9,211.7,285.5,306,310.7,286.4,223.9,142.8,23292.4,1845.94,90.37366667,68.2585,5.305053333
2021-06,228.9,207,260.8,271.4,282.8,251.8,228.9,145.6,23292.4,1838.04,90.94309091,73.33454545,5.03617
2021-07,231.85,201.463,249.686,267.228,265.511,246.4,225.335,147.625,23829,1803.63,92.51890909,74.15714286,5.152159545
2021-08,233.415,202.896,251.986,258.036,259.263,237.329,229.188,148.312,23829,1786.1,92.77895455,70.51545455,5.253645909
2021-09,235.678,197.868,223.168,239.547,219.711,218.268,231.889,147.851,23829,1779.83,92.896,74.99095238,5.262778182
2021-10,240.465,197.416,217.941,226.417,210.071,203.688,229.355,150.266,24654.6,1775,93.99080952,83.74428571,5.52935381
2021-11,243.287,206.125,232.69,226.813,224.813,203.615,229.493,153.389,24654.6,1818.32,95.25109091,80.7047619,5.556645909
2021-12,241.338,213.525,246.904,235.648,241.216,213.19,229.617,155.95,24654.6,1790.34,96.19940909,74.81454545,5.654276522
2022-01,246.453,220.224,248.6,257.951,246.086,235.206,234.274,157.367,25029.1,1817.81,95.89819048,85.5015,5.537962857
2022-02,252.66,230.899,260.151,283.916,260.179,262.004,238.775,159.015,25029.1,1853.66,96.0464,94.04105263,5.198066
2022-03,260.014,250.299,301.702,302.755,298.016,279.991,242.416,165.723,25029.1,1950.41,98.4033913,112.5108696,4.987227391
2022-04,265.31,261.884,318.043,310.412,315.84,285.65,249.122,169.567,25544.3,1938.84,100.4808095,105.9625,4.733144286
2022-05,273.251,263.817,322.3,302.56,320.415,276.166,253.635,171.296,25544.3,1850.97,103.1387273,111.582381,4.960939091
2022-06,280.251,261.408,322.742,318.392,324.617,291.856,256.04,173.464,25544.3,1838.42,103.7352273,117.6866667,5.033361818
2022-07,272.274,254.119,280.166,282.868,290.18,258.698,256.595,173.307,25994.6,1738.7,106.8702381,105.1638095,5.371033333
2022-08,269.546,246.943,274.406,282.69,283.299,259.504,256.454,171.384,25994.6,1765.73,107.0146087,97.68434783,5.142756522
2022-09,267.898,247.386,290.946,282.398,299.918,259.933,255.916,169.615,25994.6,1683.37,110.5299545,90.62045455,5.224626818
2022-10,265.061,249.274,280.361,256.852,281.492,233.422,254.032,171.374,26408.4,1667.3,111.9378095,93.69904762,5.263502381
2022-11,263.157,261.427,277.504,273.938,279.628,252.096,256.049,169.792,26408.4,1723.03,108.3726364,90.765,5.274980455
2022-12,257.897,260.716,270.886,276.599,275.639,256.533,254.159,169.672,26408.4,1795.68,104.6127619,81.52904762,5.245168182
2023-01,260.227,246.265,268.915,276.288,275.574,253.042,255.188,170.105,26813.6,1894.51,102.7551905,83.92761905,5.204039091
2023-02,258.669,242.129,279.648,285.199,286.31,264.51,252.191,170.16,26813.6,1859.84,103.5195,83.467,5.169634
2023-03,257.062,241.473,257.021,276.234,262.233,256.264,254.266,171.057,26813.6,1909.14,103.8605652,79.14869565,5.210467826
2023-04,256.908,245.397,270.26,276.764,276.677,257.331,253.399,167.584,27063,2000.53,101.7969,83.35210526,5.020064
2023-05,253.67,232.02,257.526,265.371,262.913,245.881,253.938,167.3,27063,1992.39,102.6471304,75.75173913,4.976663043
2023-06,253.86,235.74,257.294,252.687,264.737,233.451,253.425,168.017,27063,1943.68,103.1284091,74.97863636,4.861344545
2023-07,253.835,228.98,226.695,272.316,225.998,253.156,253.273,167.361,27610.1,1947.1,101.4562857,80.12333333,4.806450952
2023-08,257.68,222.013,211.044,249.231,209.29,229.817,254.485,165.179,27610.1,1919.16,103.0145217,85.13347826,4.898120435
2023-09,258.934,217.925,194.918,246.678,192.563,227.603,255.774,165.762,27610.1,1917.9,105.1341429,92.66333333,4.942543333
2023-10,255.192,211.503,190.498,232.163,189.092,213.153,255.302,168.101,27957,1910.48,106.3320455,88.63863636,5.062725909
2023-11,252.856,217.533,189.425,251.81,188.152,232.579,252.883,167.544,27957,1983.29,104.6141818,81.92045455,4.904681364
2023-12,249.866,212.946,190.589,241.385,189.156,223.436,253.713,167.136,27957,2034.56,102.75375,77.2495,4.900578
2024-01,251.306,212.237,183.484,229.752,180.566,209.431,251.917,168.119,28269.2,2034.61,102.7882609,79.08772727,4.912298182
2024-02,254.926,219.543,174.163,217.784,171.503,199.841,253.277,169.148,28269.2,2025.32,104.0655714,81.61142857,4.961078571
2024-03,254.963,223.127,175.257,220.674,173.95,201.188,255.429,169.676,28269.2,2158.55,103.6297619,84.635,4.979168571
2024-04,256.772,223.833,174.473,217.832,173.775,199.004,256.517,170.021,28629.2,2331.59,105.3385455,88.92363636,5.118544091
2024-05,255.094,227.145,189.132,223.069,186.559,204.383,257.44,169.926,28629.2,2348.58,105.0253043,82.96782609,5.139893913
2024-06,255.419,227.781,182.784,218.135,182.307,199.709,257.901,170.762,28629.2,2327.5,105.1249,82.943,5.3762495
2024-07,,,,,,,,,,2389.4,104.6863043,83.88565217,5.53978087