Date,"STU, US","STU, AR","STU, BR","STU, Corn","Production, US","Production, AR","Production, BR",PPI- Commodities, PPI- Farm Products,PPI- Grains,PPI- OilSeeds,PPI- Corn,PPI- Soybeans,"PPI- Industry, Food","PPI- Freight, WareHousing",GDP (Bn USD),Gold,DX,Crude,USD?BRL,Price_High,Price_Low,Price_Average,Average_Price_Collection
2000-01-12,0.2068,0.2247,0.2232,0.2271,71.93,19.0,31.0,128.3,95.9,77.8,89.7,77.1,79.6,126.7,77.55,,284.86,101.5455,,,529.5,473.75,504.8,"[480.375, 485.0, 492.75, 494.75, 500.875, 502.125, 504.25, 511.625, 514.0, 514.0, 518.0, 525.5, 512.25, 507.25, 509.25]"
2000-02-11,0.1961,0.2247,0.2078,0.2304,71.93,19.5,30.5,129.8,97.5,82.4,94.7,82.8,83.9,127.2,77.83,,299.44,104.4565,,,519.5,492.0,504.46666666666664,"[509.125, 507.0, 506.125, 507.875, 507.25, 511.875, 516.0, 506.0, 500.5, 498.75, 497.0, 498.25, 499.75, 497.5, 504.0]"
2000-03-10,0.1848,0.2382,0.2078,0.2304,71.93,20.0,30.5,130.8,100.6,85.9,98.3,87.8,87.1,127.4,78.11,,286.4,105.6243478,,,538.5,508.0,526.6666666666666,"[513.75, 517.5, 526.75, 527.0, 528.5, 533.25, 526.5, 525.125, 528.75, 526.375, 526.75, 531.625, 528.625, 526.625, 532.875]"
2000-04-11,0.1734,0.2651,0.2034,0.2321,71.93,21.0,30.5,130.7,101.6,82.6,98.0,83.6,87.3,128.1,78.4,,280.09,106.5363158,,,560.0,522.5,537.6666666666666,"[531.5, 531.625, 537.75, 540.5, 530.5, 532.25, 535.125, 533.875, 538.75, 544.0, 543.5, 536.25, 528.25, 545.0, 556.125]"
2000-05-12,0.1711,0.2666,0.2008,0.2594,71.93,21.0,31.0,131.6,103.7,85.8,102.3,87.7,91.6,129.3,78.68,,274.74,110.8768182,,,567.5,512.25,540.2833333333333,"[563.5, 548.5, 546.875, 540.75, 551.875, 550.5, 553.625, 551.25, 543.875, 534.5, 531.0, 519.375, 518.375, 523.75, 526.5]"
2000-06-09,0.1726,0.2673,0.195,0.2423,71.93,21.0,31.0,133.8,100.1,78.6,97.1,76.1,87.0,129.4,78.96,,284.92,107.2454545,,,523.75,488.0,504.73333333333335,"[520.75, 508.5, 510.5, 507.25, 512.875, 509.25, 505.0, 502.5, 505.0, 506.75, 499.875, 496.75, 501.25, 493.0, 491.75]"
2000-07-12,0.2694,0.2648,0.219,0.2868,80.01,21.5,32.8,133.7,97.3,71.0,90.8,65.3,80.8,129.4,79.24,,281.79,108.166,,,475.0,442.0,456.18333333333334,"[470.0, 470.25, 463.375, 458.125, 457.0, 454.25, 455.125, 458.0, 460.875, 453.0, 450.625, 452.375, 451.75, 446.0, 442.0]"
2000-08-11,0.2587,0.2648,0.2101,0.3119,81.34,21.5,32.8,132.9,94.6,66.8,87.4,61.7,77.8,128.7,79.52,,274.29,111.0365217,,,494.75,452.5,465.1333333333333,"[452.5, 456.0, 457.5, 465.0, 460.0, 458.25, 462.0, 458.5, 459.5, 461.75, 461.75, 470.25, 484.25, 481.75, 488.0]"
2000-09-12,0.2024,0.2648,0.2101,0.2902,78.91,21.5,32.8,134.7,98.0,70.1,92.5,65.5,82.8,128.5,79.81,,273.62,114.3585,,,511.0,482.5,493.0833333333333,"[508.25, 503.375, 495.625, 488.5, 485.5, 484.5, 485.375, 488.875, 492.75, 495.0, 495.125, 494.125, 496.75, 494.75, 487.75]"
2000-10-12,0.2046,0.2842,0.2008,0.2322,76.82,22.6,33.5,135.4,100.3,76.3,89.9,71.9,79.4,128.7,80.09,,270.31,115.8740909,,,479.5,454.75,465.7,"[476.875, 470.25, 465.5, 466.5, 467.5, 469.375, 471.5, 465.75, 465.125, 467.75, 464.75, 459.25, 457.0, 457.25, 461.125]"
2000-11-09,0.1983,0.2973,0.2158,0.2146,75.58,23.0,34.5,135.0,101.5,81.2,90.0,78.3,79.1,128.8,80.37,,265.47,116.4528571,,,508.0,471.0,487.94166666666666,"[480.875, 474.5, 473.625, 476.875, 480.0, 479.5, 482.375, 488.5, 491.0, 489.75, 496.375, 502.625, 498.375, 502.125, 502.625]"
2000-12-12,0.1808,0.2827,0.2004,0.2242,75.58,23.5,34.5,136.2,103.4,81.2,94.8,78.9,84.1,129.6,80.65,,271.67,112.9665,,,513.75,493.75,505.1,"[510.5, 506.5, 506.5, 505.375, 510.5, 509.875, 510.0, 508.25, 510.375, 507.75, 501.125, 498.25, 498.5, 497.5, 495.5]"
2001-01-11,0.181,0.2827,0.2021,0.2333,75.38,23.5,34.5,140.0,104.5,85.7,93.6,83.8,82.8,130.3,80.94,,265.87,110.1195238,,,498.0,457.75,471.2,"[491.25, 484.125, 480.0, 476.0, 473.375, 474.5, 470.0, 476.75, 467.875, 469.5, 466.0, 458.875, 460.5, 460.375, 458.875]"
2001-02-08,0.1963,0.3195,0.25,0.2438,75.38,24.0,35.5,137.4,103.6,80.1,86.5,77.2,75.0,130.8,81.22,,261.75,111.7131579,,,463.5,447.25,453.7916666666667,"[462.875, 452.5, 454.875, 453.25, 450.375, 452.5, 452.0, 456.5, 455.625, 457.5, 452.25, 448.25, 450.5, 452.875, 455.0]"
2001-03-08,0.1879,0.3491,0.2887,0.2503,75.38,25.0,35.5,135.9,107.3,84.0,86.9,81.6,76.2,131.8,81.5,,263.32,113.6577273,,,465.5,434.25,448.0416666666667,"[463.25, 462.0, 461.5, 459.625, 450.375, 444.0, 445.0, 443.375, 445.0, 444.875, 439.625, 435.5, 440.0, 443.125, 443.375]"
2001-04-10,0.1691,0.3931,0.2755,0.2503,75.38,26.0,35.5,136.4,106.0,80.4,84.2,78.6,73.3,132.5,81.78,,260.29,115.6145,,,442.0,422.0,430.30833333333334,"[437.375, 435.125, 436.25, 434.125, 431.0, 430.25, 431.875, 430.0, 426.625, 424.25, 424.0, 425.375, 426.375, 428.125, 433.875]"
2001-05-10,0.1657,0.3931,0.3,0.2478,75.38,26.0,36.5,136.8,106.8,79.7,88.2,74.3,76.5,133.4,82.06,,271.62,116.5877273,,,451.0,434.5,443.69166666666666,"[437.0, 435.25, 439.5, 444.125, 445.25, 448.625, 450.25, 445.875, 444.0, 445.75, 448.0, 449.625, 443.875, 439.75, 438.5]"
2001-06-12,0.15,0.3887,0.3245,0.2446,75.38,26.0,37.5,135.5,105.9,77.6,91.3,72.4,80.8,133.7,82.35,,270.49,118.9552381,,,491.75,450.75,465.7416666666667,"[472.5, 473.0, 472.875, 464.625, 460.625, 467.0, 468.25, 463.375, 458.25, 452.875, 454.125, 459.0, 462.125, 472.125, 485.375]"
2001-07-11,0.1879,0.3354,0.288,0.2356,79.88,25.5,38.0,133.4,105.0,81.0,97.4,79.2,87.0,134.0,82.63,,267.61,118.5280952,,,532.5,490.0,512.25,"[506.0, 518.25, 526.625, 517.0, 523.25, 520.5, 516.0, 505.375, 496.875, 509.5, 506.5, 513.25, 511.0, 510.5, 503.125]"
2001-08-10,0.1642,0.3107,0.29,0.1865,78.04,26.0,39.0,133.4,105.5,83.1,98.6,83.0,88.4,134.6,82.91,,272.19,114.5913043,,2.5481,522.25,473.5,495.56666666666666,"[512.0, 522.25, 515.625, 513.75, 510.625, 504.25, 494.25, 493.375, 490.0, 484.875, 480.125, 477.125, 481.125, 477.25, 476.875]"
2001-09-14,0.1391,0.3006,0.27,0.1734,77.12,26.0,39.0,133.3,105.3,81.7,91.4,80.8,80.1,134.5,83.19,,282.53,113.29,,2.657665,484.5,450.5,465.25,"[479.25, 476.0, 477.5, 472.25, 471.0, 472.875, 471.5, 466.5, 463.875, 464.375, 456.375, 451.25, 452.5, 451.875, 451.625]"
2001-10-12,0.1882,0.3061,0.2706,0.1862,79.12,27.0,41.5,130.3,101.2,78.5,86.7,75.8,75.3,134.1,83.48,,283.38,114.1117391,,2.741217391,447.5,419.75,428.75,"[441.5, 433.125, 429.625, 430.625, 433.125, 427.875, 422.375, 421.375, 422.125, 425.75, 427.375, 425.75, 429.125, 430.0, 431.5]"
2001-11-09,0.1929,0.3387,0.2627,0.2011,79.55,28.0,41.5,129.8,97.3,80.3,86.5,77.5,74.7,132.4,83.76,,276.03,115.9722727,,2.549159091,453.5,435.0,445.625,"[440.75, 445.25, 446.375, 446.125, 447.375, 449.25, 452.5, 451.0, 449.0, 451.375, 446.625, 442.25, 439.75, 436.25, 440.5]"
2001-12-11,0.1788,0.34,0.2549,0.2011,79.55,28.75,41.5,128.1,96.6,82.6,85.3,81.1,73.6,131.7,84.04,,276.29,116.129,,2.360238095,443.0,418.0,431.0416666666667,"[440.25, 434.75, 432.875, 435.25, 437.0, 434.375, 433.125, 435.375, 436.0, 428.25, 428.25, 426.375, 422.5, 420.375, 420.875]"
2002-01-11,0.1545,0.3527,0.2745,0.1958,78.67,28.75,42.5,128.5,99.9,82.2,85.5,80.2,74.5,131.5,84.32,10783.5,281.8,117.5833333,,2.379536364,452.5,426.75,438.275,"[437.25, 445.5, 446.375, 448.25, 451.5, 448.375, 444.0, 437.5, 435.5, 434.875, 429.25, 430.25, 427.5, 429.125, 428.875]"
2002-02-08,0.1487,0.3868,0.2863,0.1958,78.67,28.75,42.5,128.4,101.8,80.9,85.3,79.2,73.8,132.0,84.61,10783.5,295.55,119.0978947,,2.42105,446.5,428.75,437.84166666666664,"[431.0, 429.875, 433.625, 437.5, 438.0, 436.25, 437.25, 441.25, 444.25, 442.625, 439.875, 436.125, 439.875, 439.375, 440.75]"
2002-03-08,0.1428,0.3868,0.3062,0.2022,78.67,28.75,43.5,129.8,104.4,81.2,88.0,80.0,76.7,132.0,84.89,10783.5,294.57,117.993,,2.343714286,476.25,457.5,464.60833333333335,"[461.5, 463.5, 464.0, 462.0, 465.75, 469.5, 466.25, 462.0, 461.375, 458.5, 461.875, 464.25, 465.125, 469.875, 473.625]"
2002-04-10,0.1429,0.3978,0.3255,0.2059,78.67,29.5,43.5,130.8,94.3,79.3,90.1,78.1,78.3,131.5,85.17,10887.5,303.14,117.0313636,,2.320954545,480.75,455.5,467.225,"[461.25, 459.625, 458.25, 459.125, 459.875, 467.25, 471.625, 471.0, 472.875, 471.5, 477.25, 477.375, 474.5, 464.75, 462.125]"
2002-05-10,0.1398,0.4086,0.3371,0.1973,78.67,29.5,43.5,130.8,96.6,82.8,91.5,83.1,81.4,130.9,85.45,10887.5,314.09,113.5736364,,2.483681818,508.75,470.75,487.825,"[473.625, 474.75, 475.75, 478.625, 482.25, 486.0, 487.875, 491.375, 492.5, 492.625, 489.5, 492.625, 497.125, 498.125, 504.625]"
2002-06-12,0.1283,0.4156,0.3435,0.1645,78.67,29.5,43.5,130.9,96.2,81.5,96.9,80.1,86.2,131.3,85.73,10887.5,321.73,109.8525,,2.721085,555.5,487.0,507.60833333333335,"[497.75, 497.125, 499.75, 496.875, 496.125, 492.25, 489.75, 491.0, 502.5, 505.125, 506.875, 517.25, 528.625, 543.25, 549.875]"
2002-07-11,0.122,0.3433,0.3537,0.1853,77.84,30.0,47.0,131.2,97.9,90.0,109.6,88.8,97.8,131.5,86.02,10984.0,313.89,105.8218182,,2.940586957,605.0,534.75,567.5,"[555.25, 556.625, 565.0, 580.375, 577.125, 575.0, 572.125, 587.375, 590.5, 580.0, 576.25, 561.375, 539.375, 539.875, 556.25]"
2002-08-12,0.0834,0.2614,0.2649,0.0987,71.53,30.0,48.0,131.5,99.7,104.6,112.1,105.7,100.4,131.3,86.3,10984.0,310.18,107.4095455,,3.101681818,600.0,543.0,567.0,"[569.625, 582.625, 586.75, 595.5, 588.5, 576.0, 559.875, 554.125, 552.75, 547.5, 555.0, 558.0, 563.375, 558.125, 557.25]"
2002-09-12,0.0868,0.3068,0.3004,0.0939,72.28,31.0,48.0,132.3,99.8,114.1,110.4,111.9,99.5,136.1,86.58,10984.0,318.98,107.2385,,3.34797619,591.0,537.5,562.9416666666667,"[584.625, 571.5, 567.75, 573.5, 573.125, 568.75, 563.25, 558.625, 557.375, 560.875, 561.75, 563.625, 552.875, 544.875, 541.625]"
2002-10-11,0.095,0.321,0.2971,0.0977,72.22,31.0,48.0,133.2,99.1,105.8,103.3,99.5,92.6,131.6,86.86,11061.4,316.76,107.5781818,,3.798826087,565.25,525.0,547.975,"[527.0, 529.375, 539.5, 548.75, 545.875, 549.5, 548.125, 548.125, 550.5, 555.5, 556.875, 549.75, 551.25, 559.25, 560.25]"
2002-11-12,0.1013,0.414,0.3268,0.1081,73.2,32.5,49.0,133.1,99.1,98.8,106.5,93.9,95.9,131.6,87.15,11061.4,319.19,105.7305263,,3.588809524,584.5,559.25,570.5166666666667,"[567.75, 561.125, 564.875, 565.5, 564.25, 566.75, 574.625, 572.375, 569.875, 571.0, 572.375, 575.125, 579.375, 581.5, 571.25]"
2002-12-10,0.0958,0.4077,0.3268,0.107,73.2,32.5,49.0,132.9,99.1,96.3,106.2,91.8,95.4,132.6,87.43,11061.4,333.8,104.3604762,,3.639166667,576.0,554.5,566.0916666666667,"[562.5, 565.875, 567.0, 574.0, 567.25, 558.625, 557.375, 562.125, 568.125, 571.75, 565.75, 566.125, 567.625, 567.25, 570.0]"
2003-01-10,0.1042,0.4199,0.3367,0.1178,74.29,33.5,49.0,135.3,104.1,93.8,104.2,91.5,93.3,133.9,87.71,11174.1,357.15,100.9457143,,3.436613636,586.5,548.0,560.25,"[571.625, 553.0, 550.25, 549.625, 549.375, 552.75, 555.375, 557.5, 560.125, 564.75, 570.75, 570.125, 567.25, 564.875, 566.375]"
2003-02-11,0.0897,0.405,0.3521,0.1181,74.29,33.5,51.0,137.6,104.6,98.6,108.5,96.8,97.4,134.5,87.99,11174.1,358.18,99.88210526,,3.59391,581.5,562.5,573.175,"[568.25, 567.625, 567.125, 572.25, 572.125, 572.75, 568.0, 571.5, 572.5, 574.375, 577.125, 579.75, 579.25, 578.625, 576.375]"
2003-03-11,0.0876,0.4068,0.3674,0.1277,74.29,35.0,51.0,141.2,104.0,95.3,108.8,94.6,97.6,134.8,88.27,11174.1,340.67,99.66333333,,3.450547619,580.5,565.0,572.6166666666667,"[568.5, 568.75, 570.125, 574.125, 571.125, 570.375, 572.25, 572.25, 575.375, 573.0, 570.875, 571.125, 574.625, 579.25, 577.5]"
2003-04-10,0.0804,0.4147,0.3771,0.1272,74.29,35.0,51.0,136.8,105.6,96.8,116.6,97.1,105.5,135.1,88.56,11312.8,329.21,99.44952381,,3.106113636,625.75,598.5,609.8583333333333,"[603.75, 599.75, 603.375, 609.0, 610.5, 614.5, 619.125, 614.0, 609.75, 603.25, 600.375, 603.0, 612.875, 621.5, 623.125]"
2003-05-12,0.0748,0.4137,0.3804,0.1635,74.29,35.0,51.0,136.7,109.2,101.5,119.9,101.5,109.6,135.7,88.84,11312.8,355.39,94.57190476,25.361,2.960136364,652.75,612.5,634.9916666666667,"[639.0, 641.625, 646.75, 650.75, 645.25, 637.625, 639.125, 641.25, 633.375, 626.625, 626.25, 626.875, 625.125, 628.0, 617.25]"
2003-06-11,0.0779,0.4137,0.3963,0.1667,74.29,35.0,52.0,138.0,107.3,97.9,118.5,97.3,108.0,137.1,89.12,11312.8,357.36,93.53047619,27.111,2.877838095,642.75,611.75,627.4416666666667,"[633.25, 627.125, 619.75, 614.5, 618.125, 625.25, 630.25, 628.875, 628.625, 632.375, 638.875, 635.375, 629.75, 626.625, 622.875]"
2003-07-11,0.1448,0.4374,0.45,0.1653,78.52,37.0,56.0,137.7,105.5,87.8,112.8,86.1,102.0,137.0,89.4,11566.7,350.88,95.66409091,28.29909091,2.878886957,605.0,532.5,565.2833333333333,"[602.75, 602.25, 592.125, 584.25, 578.875, 567.0, 560.375, 560.125, 559.375, 553.75, 547.75, 553.125, 547.75, 536.0, 533.75]"
2003-08-12,0.1226,0.43,0.4642,0.1461,77.89,37.0,56.0,138.0,109.0,91.7,106.7,88.8,96.6,137.8,89.69,11566.7,359.91,97.18666667,29.486,2.999771429,597.75,530.5,572.5166666666667,"[540.375, 549.125, 549.25, 550.625, 572.375, 574.375, 573.75, 582.5, 581.625, 585.25, 587.25, 581.0, 585.25, 592.125, 582.875]"
2003-09-11,0.079,0.3998,0.419,0.1313,71.92,37.0,56.0,138.5,116.1,96.6,114.3,96.6,104.8,139.0,89.97,11566.7,378.67,95.97619048,29.486,2.921427273,687.25,596.0,641.375,"[605.875, 617.0, 622.25, 616.375, 613.625, 622.625, 632.25, 644.625, 651.5, 652.0, 655.25, 654.0, 670.125, 680.875, 682.25]"
2003-10-10,0.0788,0.3904,0.4256,0.166,67.18,37.0,60.0,139.3,124.4,87.9,134.5,84.9,125.1,141.8,90.25,11772.2,378.69,92.10681818,29.486,2.85986087,803.5,691.0,746.95,"[702.25, 722.5, 737.0, 734.25, 726.25, 729.75, 733.75, 727.125, 740.0, 757.75, 765.125, 769.25, 769.0, 791.75, 798.5]"
2003-11-12,0.0771,0.4019,0.4189,0.1655,66.73,38.0,60.0,138.9,123.7,96.6,141.3,92.1,131.3,141.5,90.53,11772.2,389.76,91.99166667,29.49,2.91121,784.5,737.25,763.825,"[776.25, 771.375, 781.0, 779.625, 778.25, 762.75, 751.875, 758.5, 737.25, 746.0, 745.75, 756.25, 761.0, 773.25, 778.25]"
2003-12-11,0.0771,0.3999,0.4073,0.1594,66.73,36.5,60.0,139.5,124.3,101.3,144.8,98.0,134.2,141.1,90.81,11772.2,408.21,88.59772727,29.56619048,2.925482609,792.5,741.25,770.8833333333333,"[766.75, 776.25, 773.0, 764.25, 768.5, 759.5, 764.75, 753.75, 741.25, 759.75, 792.0, 784.5, 777.5, 789.0, 792.5]"
2004-01-12,0.0794,0.3999,0.4094,0.1188,65.8,36.5,60.0,141.4,117.4,105.5,152.4,104.3,141.8,139.3,91.1,11923.4,414.4,86.3285,30.81142857,2.847052381,849.5,788.0,828.125,"[805.375, 830.25, 838.0, 839.875, 832.25, 832.125, 834.5, 842.75, 837.875, 844.0, 842.125, 818.75, 805.75, 814.75, 803.5]"
2004-02-10,0.0794,0.411,0.4469,0.1084,65.8,36.5,61.0,142.1,120.4,108.1,155.1,109.0,144.0,140.4,91.38,11923.4,404.57,86.31,30.284,2.929935,962.5,817.0,887.0,"[844.5, 830.75, 832.0, 823.0, 841.5, 852.25, 865.875, 886.75, 906.375, 917.625, 940.25, 933.375, 931.0, 953.0, 946.75]"
2004-03-10,0.0789,0.411,0.4414,0.1084,65.8,36.5,59.5,143.1,129.1,112.6,173.5,116.1,162.6,142.4,91.66,11923.4,406.12,88.43173913,32.82217391,2.905813043,1063.75,922.0,1000.45,"[939.25, 933.0, 951.875, 965.625, 984.125, 984.75, 1006.875, 1018.5, 1045.875, 1049.125, 1043.625, 1027.625, 1024.625, 1017.5, 1014.375]"
2004-04-08,0.0724,0.4025,0.3824,0.1024,65.8,35.0,56.0,144.8,129.6,117.6,176.3,121.9,165.9,146.1,91.94,12112.8,406.44,89.71761905,32.9225,2.904668182,1030.0,935.0,974.75,"[1004.5, 980.0, 967.0, 992.625, 996.5, 958.125, 967.375, 961.125, 943.875, 941.0, 955.5, 965.5, 983.25, 1000.125, 1004.75]"
2004-05-12,0.0724,0.4117,0.3525,0.0881,65.8,34.0,53.5,146.8,135.1,113.9,189.7,116.7,178.4,149.1,92.23,12112.8,384.12,90.6435,37.14894737,3.094180952,1025.75,812.0,892.975,"[999.0, 976.5, 959.25, 914.5, 894.875, 889.25, 891.0, 866.25, 874.5, 873.0, 882.0, 846.75, 819.0, 846.0, 862.75]"
2004-06-10,0.1223,0.5317,0.4791,0.0881,80.69,39.0,66.0,147.2,129.7,108.4,165.4,110.4,154.4,148.6,92.51,12112.8,392.06,89.14285714,35.81727273,3.130745455,933.5,844.0,887.2333333333333,"[851.0, 858.25, 877.625, 876.5, 871.375, 861.5, 876.75, 890.0, 902.25, 923.25, 918.625, 901.5, 895.75, 891.375, 912.75]"
2004-07-12,0.1169,0.5462,0.4844,0.1171,80.01,39.0,66.0,147.4,124.4,99.1,163.9,97.6,153.7,146.5,92.79,12305.3,398.24,88.29285714,37.36727273,3.04225,816.75,599.5,702.525,"[801.375, 775.25, 769.0, 766.5, 726.25, 703.5, 715.0, 720.75, 683.625, 659.75, 654.5, 670.125, 646.5, 631.125, 614.625]"
2004-08-12,0.1077,0.5793,0.5647,0.1313,78.29,39.0,66.0,148.0,119.0,92.1,109.9,91.2,99.1,144.6,93.07,12305.3,400.76,88.91818182,41.9252381,3.006581818,636.5,557.0,604.4,"[573.5, 589.25, 578.375, 585.75, 593.75, 600.375, 596.25, 605.5, 619.5, 621.125, 621.125, 610.75, 612.25, 628.625, 629.875]"
2004-09-10,0.1079,0.6068,0.5679,0.1403,77.18,39.0,66.0,147.7,118.7,90.7,106.1,86.0,96.0,143.8,93.35,12305.3,405.63,88.65190476,42.535,2.894563636,582.0,521.5,548.225,"[577.0, 567.25, 568.5, 566.5, 566.125, 556.375, 548.0, 542.75, 541.625, 539.125, 530.625, 526.25, 529.75, 533.625, 529.875]"
2004-10-12,0.2258,0.6158,0.6287,0.1917,84.56,39.0,64.5,150.0,119.2,80.4,95.1,71.8,84.2,143.5,93.64,12527.2,420.6,86.98714286,49.26761905,2.851480952,542.75,507.75,525.0416666666666,"[526.0, 511.875, 512.125, 514.25, 511.25, 520.625, 529.0, 530.875, 527.75, 535.375, 540.875, 534.375, 529.5, 530.25, 521.5]"
2004-11-12,0.256,0.6349,0.6451,0.2056,85.74,39.0,64.5,151.4,118.0,80.6,96.6,69.6,85.7,143.3,93.92,12527.2,438.84,83.76761905,44.93681818,2.795409091,561.25,516.25,541.35,"[520.625, 529.75, 537.875, 547.25, 551.75, 552.625, 551.5, 558.0, 556.5, 552.625, 544.0, 536.75, 533.125, 525.125, 522.75]"
2004-12-10,0.256,0.6399,0.6184,0.2078,85.74,39.0,64.5,150.2,118.4,83.8,105.4,75.6,94.3,144.2,94.2,12527.2,443.04,81.63272727,40.53714286,2.718969565,559.0,523.25,546.7833333333333,"[528.125, 540.375, 547.625, 547.875, 546.25, 545.25, 554.375, 548.75, 547.0, 548.0, 554.625, 554.125, 550.375, 547.375, 541.625]"
2005-01-12,0.2399,0.6388,0.654,0.221,85.48,39.0,64.5,150.9,118.8,84.9,103.8,77.2,92.6,144.7,94.48,12767.3,424.98,82.9985,44.058,2.695947619,542.0,505.25,520.1916666666667,"[537.875, 535.0, 527.625, 515.5, 515.75, 519.5, 520.0, 520.375, 521.5, 525.0, 519.125, 515.5, 511.875, 511.75, 506.5]"
2005-02-09,0.2434,0.6603,0.6924,0.2266,85.48,39.0,63.0,151.6,117.6,82.6,103.5,75.6,91.7,145.0,94.77,12767.3,423.65,83.77315789,45.6395,2.600215,619.0,503.0,557.0666666666667,"[506.875, 512.75, 520.0, 530.875, 535.125, 532.5, 542.75, 552.0, 566.5, 572.625, 573.5, 582.0, 608.0, 608.0, 612.5]"
2005-03-10,0.2274,0.6239,0.6105,0.2317,85.48,39.0,59.0,153.7,123.0,90.4,124.5,84.1,112.4,146.0,95.05,12767.3,434.0,82.78045455,53.0747619,2.706204348,691.75,617.0,644.2166666666667,"[633.5, 650.25, 655.75, 668.5, 682.625, 673.875, 664.25, 639.5, 629.5, 620.5, 622.875, 627.5, 624.625, 632.25, 637.75]"
2005-04-08,0.208,0.6485,0.5519,0.2529,85.48,39.0,54.0,155.0,120.7,83.4,114.8,77.8,102.9,146.3,95.33,12922.7,429.27,84.27714286,53.50333333,2.583738095,642.75,609.0,625.2333333333333,"[620.0, 613.375, 620.75, 618.25, 620.875, 615.875, 612.375, 620.0, 633.875, 632.375, 636.5, 639.0, 635.875, 633.125, 626.25]"
2005-05-12,0.197,0.6522,0.5214,0.2913,85.48,39.0,53.0,154.3,121.5,83.8,119.9,77.7,107.7,147.1,95.61,12922.7,423.24,85.51333333,49.8875,2.453077273,687.0,612.5,646.675,"[629.0, 619.0, 618.0, 622.375, 625.375, 633.75, 631.125, 640.625, 641.875, 656.0, 669.5, 674.375, 683.125, 679.625, 676.375]"
2005-06-10,0.1393,0.6139,0.5895,0.2913,78.79,39.0,62.0,154.3,118.3,85.8,127.3,80.6,116.0,146.4,95.89,12922.7,430.36,88.41318182,55.02,2.417113636,757.5,651.75,705.9083333333333,"[673.125, 675.5, 682.375, 695.375, 705.625, 711.25, 745.5, 734.75, 747.25, 734.875, 735.625, 724.75, 683.375, 673.875, 665.375]"
2005-07-12,0.1141,0.677,0.5536,0.2569,78.65,39.0,62.0,156.3,116.3,88.2,128.2,84.8,118.3,146.3,96.18,13142.6,424.86,89.711,57.68142857,2.372661905,738.0,660.25,688.9083333333333,"[694.25, 702.875, 715.5, 719.5, 726.5, 701.25, 677.375, 679.375, 671.75, 665.125, 675.375, 673.625, 678.875, 680.25, 672.0]"
2005-08-12,0.099,0.63,0.5249,0.2205,75.96,39.0,62.0,157.6,114.5,83.0,118.1,77.7,109.2,146.0,96.46,13142.6,437.9,88.01130435,63.41409091,2.361891304,643.5,584.0,606.2583333333333,"[641.375, 625.875, 612.5, 613.875, 613.125, 603.5, 602.25, 612.5, 606.75, 596.0, 587.5, 595.25, 595.625, 595.375, 592.375]"
2005-09-12,0.1117,0.5257,0.5012,0.2391,77.74,39.0,60.0,162.2,116.8,78.3,103.6,67.8,93.2,146.3,96.74,13142.6,455.34,88.03142857,64.05090909,2.300190909,593.0,556.5,573.3166666666667,"[589.0, 584.0, 583.0, 574.125, 569.75, 572.125, 575.25, 574.25, 577.5, 578.75, 571.375, 562.375, 559.625, 562.0, 566.625]"
2005-10-12,0.1407,0.5434,0.5118,0.2534,80.75,40.5,60.0,166.2,115.7,76.1,98.5,62.6,88.5,146.7,97.02,13324.2,470.02,89.70857143,59.74190476,2.254804762,597.0,560.0,578.6666666666666,"[574.5, 587.125, 591.5, 589.125, 590.75, 586.375, 587.0, 579.0, 571.75, 574.875, 574.75, 571.5, 568.25, 564.25, 569.25]"
2005-11-10,0.1863,0.4703,0.49,0.2625,82.82,40.5,58.5,163.7,117.5,79.9,107.6,69.2,97.7,146.1,97.31,13324.2,476.5,91.46380952,56.48454545,2.212968182,605.0,544.25,573.9,"[589.875, 594.75, 600.0, 595.25, 585.625, 578.0, 574.625, 571.625, 573.625, 567.125, 558.0, 551.25, 556.25, 554.75, 557.75]"
2005-12-09,0.2156,0.4703,0.4927,0.2738,82.82,40.5,58.5,163.0,121.1,84.1,110.6,76.1,100.9,146.2,97.59,13324.2,508.64,90.95666667,57.4685,2.2796,619.5,565.25,597.7916666666666,"[567.625, 577.0, 588.25, 595.5, 589.375, 590.375, 600.375, 607.125, 601.75, 610.25, 613.375, 613.0, 610.5, 603.875, 598.5]"
2006-01-12,0.267,0.4924,0.5472,0.2708,84.0,40.5,58.5,164.3,117.4,85.2,106.2,77.8,96.3,146.4,97.87,13599.2,547.56,89.1455,63.43571429,2.275754545,606.25,564.5,577.4833333333333,"[578.75, 574.875, 575.25, 568.75, 566.875, 566.375, 572.375, 573.25, 570.75, 569.625, 581.625, 599.75, 596.125, 587.0, 580.875]"
2006-02-09,0.2947,0.4924,0.5268,0.2672,84.0,40.5,58.5,161.8,111.9,87.3,106.1,79.2,96.7,145.1,98.15,13599.2,556.0,90.27,61.7785,2.163015,601.25,571.75,582.975,"[582.625, 585.75, 582.875, 584.25, 583.75, 587.25, 595.625, 594.25, 581.625, 574.125, 575.875, 576.375, 578.25, 579.125, 582.875]"
2006-03-13,0.3001,0.4924,0.5268,0.2617,84.0,40.5,58.5,162.2,111.0,88.5,104.8,81.0,95.4,145.2,98.43,13599.2,557.4,89.96826087,62.85913043,2.149569565,588.75,571.5,579.6166666666667,"[585.125, 584.375, 586.5, 580.875, 577.25, 576.75, 574.125, 576.625, 574.875, 575.625, 576.0, 579.75, 582.25, 584.375, 579.75]"
2006-04-10,0.3001,0.475,0.5074,0.2561,84.0,40.5,57.0,164.3,111.3,95.8,102.2,88.9,92.6,144.1,98.72,13753.4,608.45,88.54578947,70.23210526,2.13174,593.25,553.25,570.9,"[556.5, 557.875, 561.75, 561.125, 566.625, 572.0, 574.25, 573.5, 568.625, 573.25, 576.125, 577.375, 574.125, 581.25, 589.125]"
2006-05-12,0.3001,0.5263,0.5373,0.1202,84.0,40.5,56.5,165.8,109.8,96.7,107.7,89.3,98.1,144.7,99.0,13753.4,673.6,84.94045455,71.13857143,2.167547826,617.0,574.75,592.55,"[614.25, 610.75, 599.625, 604.75, 601.125, 592.625, 586.0, 584.625, 585.75, 582.25, 584.625, 583.0, 582.125, 580.75, 596.0]"
2006-06-09,0.343,0.5124,0.5437,0.1149,83.82,41.3,56.0,166.1,113.8,95.7,106.4,88.2,96.7,146.4,99.28,13753.4,597.6,85.76227273,69.64909091,2.250504545,600.75,569.0,586.5916666666667,"[588.125, 596.0, 597.125, 594.25, 592.0, 597.375, 590.0, 585.0, 585.75, 586.0, 582.0, 575.25, 573.5, 577.125, 579.375]"
2006-07-12,0.2937,0.4547,0.5439,0.1123,81.92,41.3,56.0,166.8,115.5,102.9,108.4,95.3,98.6,147.4,99.56,13870.2,632.99,85.8815,74.40047619,2.189257143,614.0,573.5,587.6833333333333,"[610.5, 602.0, 599.25, 595.0, 591.0, 586.5, 586.625, 581.0, 579.125, 587.25, 584.875, 578.5, 576.0, 581.375, 576.25]"
2006-08-11,0.2359,0.4392,0.543,0.1275,79.68,41.3,56.0,167.9,118.5,90.7,101.0,82.1,90.7,147.5,99.85,13870.2,630.97,85.08565217,74.33913043,2.157465217,563.0,535.5,548.45,"[557.5, 552.875, 555.875, 555.75, 551.25, 549.375, 547.125, 548.5, 552.0, 551.5, 546.25, 540.125, 538.625, 539.375, 540.625]"
2006-09-12,0.2755,0.4722,0.5087,0.1263,84.18,41.3,56.0,165.4,120.3,92.1,97.5,82.9,87.0,147.9,100.13,13870.2,599.92,85.5695,64.24,2.167528571,561.75,536.75,548.225,"[543.5, 540.625, 544.0, 550.375, 554.5, 549.25, 547.125, 555.375, 553.375, 544.375, 547.375, 545.5, 548.0, 550.25, 549.75]"
2006-10-12,0.286,0.5023,0.5142,0.1033,86.78,41.3,56.0,162.2,123.2,113.6,102.3,108.2,91.8,147.6,100.41,14039.6,586.69,86.38409091,60.02636364,2.149972727,646.0,559.0,612.7,"[574.5, 586.5, 589.375, 595.375, 600.25, 608.875, 609.125, 610.0, 619.875, 630.875, 622.5, 632.875, 637.75, 635.5, 637.125]"
2006-11-09,0.2904,0.4924,0.5142,0.0975,87.2,41.3,56.0,164.6,124.5,134.7,119.5,137.4,109.1,149.0,100.69,14039.6,626.29,84.94619048,59.43954545,2.156468182,695.75,651.0,672.8416666666667,"[675.375, 666.25, 663.625, 665.375, 669.875, 660.875, 656.625, 669.625, 670.125, 673.875, 678.75, 689.75, 685.75, 683.5, 683.25]"
2006-12-11,0.2904,0.5033,0.5079,0.0975,87.2,42.0,56.0,165.6,127.0,133.9,119.8,136.4,108.9,149.8,100.0,14039.6,629.39,83.3065,62.53315789,2.149890476,684.5,642.75,662.3166666666667,"[660.75, 665.625, 658.5, 663.75, 658.25, 650.75, 650.625, 651.125, 652.125, 654.875, 669.375, 671.375, 673.75, 678.5, 675.375]"
2007-01-12,0.2956,0.5046,0.5079,0.0791,86.77,42.5,56.0,164.0,127.1,131.5,119.6,134.6,108.4,151.6,101.7,14215.7,630.19,84.71619048,54.86045455,2.138386364,737.75,670.75,716.8583333333333,"[697.125, 713.25, 717.125, 722.75, 718.125, 715.875, 722.0, 720.75, 714.625, 712.25, 710.0, 714.25, 723.125, 723.5, 728.125]"
2007-02-09,0.306,0.5256,0.5079,0.0791,86.77,44.0,56.0,166.8,137.5,149.0,134.9,156.4,123.1,153.8,101.9,14215.7,664.44,84.45421053,58.266,2.09637,791.0,733.75,762.4333333333333,"[745.375, 746.5, 749.5, 753.0, 755.375, 761.375, 767.375, 776.5, 785.375, 781.0, 783.375, 767.75, 765.375, 756.75, 741.875]"
2007-03-09,0.3058,0.5021,0.5301,0.0791,86.77,44.0,57.0,169.3,140.6,147.8,127.8,154.3,115.9,155.8,102.3,14215.7,654.62,83.51045455,62.01772727,2.089677273,779.0,744.75,761.2333333333333,"[756.0, 762.875, 763.0, 751.25, 753.875, 751.625, 754.875, 761.0, 768.125, 767.75, 771.875, 760.5, 758.25, 764.375, 773.125]"
2007-04-10,0.3157,0.5361,0.5535,0.0935,86.77,45.5,58.8,171.4,141.3,135.7,131.5,136.9,119.4,156.9,102.8,14402.1,679.38,82.24095238,67.656,2.033304762,753.0,708.5,728.125,"[746.625, 745.75, 739.375, 739.375, 736.25, 730.125, 718.75, 719.25, 719.625, 720.75, 715.25, 720.75, 721.75, 721.875, 726.375]"
2007-05-11,0.3123,0.5534,0.5695,0.0903,86.77,45.5,58.8,173.3,142.7,140.7,137.3,143.2,125.3,158.7,103.4,14402.1,668.19,82.07154545,67.93391304,1.986604348,819.5,745.25,793.1666666666666,"[757.0, 767.875, 773.5, 786.875, 791.625, 793.5, 795.25, 796.625, 795.5, 804.75, 808.875, 805.25, 801.25, 807.375, 812.25]"
2007-06-11,0.1632,0.5364,0.5462,0.0951,74.71,47.0,61.0,173.8,141.8,151.0,144.3,153.1,131.9,160.3,104.7,14402.1,655.54,82.49685714,70.30238095,1.933280952,878.5,791.75,825.5583333333333,"[835.5, 827.625, 821.875, 830.5, 837.5, 854.25, 841.625, 840.25, 830.5, 806.75, 799.625, 805.25, 802.875, 806.125, 843.125]"
2007-07-12,0.1247,0.5354,0.5462,0.1432,71.44,47.0,61.0,175.1,143.4,138.7,153.3,133.3,140.6,160.4,105.1,14564.1,664.87,80.81290476,75.35454545,1.885386364,923.0,808.75,846.5083333333333,"[905.625, 913.75, 889.875, 851.25, 843.75, 849.625, 855.375, 826.5, 820.75, 819.375, 819.75, 817.875, 820.25, 830.75, 833.125]"
2007-08-10,0.112,0.5506,0.5462,0.1438,71.45,47.0,61.0,172.4,140.4,136.5,141.2,126.0,128.5,160.3,105.4,14564.1,665.41,80.95591304,71.48869565,1.956569565,878.0,789.0,840.3666666666667,"[855.0, 867.375, 856.625, 845.375, 813.625, 806.125, 808.75, 817.875, 825.125, 841.5, 844.5, 847.25, 854.125, 855.25, 867.0]"
2007-09-12,0.1082,0.5364,0.5307,0.1589,71.27,47.0,61.0,173.5,146.8,146.3,158.5,124.2,145.3,160.8,104.5,14564.1,709.97,79.464,76.351,1.907755,1017.75,919.0,973.1416666666667,"[939.375, 940.5, 948.25, 967.375, 969.0, 964.875, 982.125, 985.625, 979.0, 976.375, 981.375, 1004.375, 998.75, 992.375, 967.75]"
2007-10-12,0.108,0.5165,0.5691,0.194,70.71,47.0,62.0,174.7,148.2,150.6,165.7,124.8,151.1,160.7,105.6,14715.1,754.51,77.87117391,81.82826087,1.802765217,1018.5,961.0,987.7916666666666,"[983.25, 982.375, 984.125, 977.75, 984.875, 984.75, 972.75, 982.125, 980.5, 985.875, 999.75, 1004.875, 1000.375, 1002.125, 991.375]"
2007-11-09,0.1055,0.5177,0.5327,0.1852,70.61,47.0,62.0,179.0,151.0,162.1,188.3,144.8,173.2,161.4,106.5,14715.1,806.82,75.63385714,92.44045455,1.764631818,1114.0,1033.5,1077.8583333333333,"[1045.375, 1044.625, 1053.25, 1067.625, 1076.875, 1081.875, 1079.75, 1070.625, 1083.75, 1092.875, 1103.0, 1092.0, 1089.125, 1100.5, 1086.625]"
2007-12-11,0.0927,0.4893,0.5327,0.1754,70.61,47.0,62.0,178.6,159.6,188.5,207.8,165.7,192.5,162.8,106.6,14715.1,804.71,76.69375,91.084,1.786055,1246.75,1122.0,1172.8416666666667,"[1129.5, 1138.875, 1152.625, 1154.625, 1161.375, 1154.0, 1154.625, 1161.375, 1168.0, 1177.0, 1208.5, 1216.75, 1197.5, 1191.375, 1226.5]"
2008-01-11,0.0877,0.4725,0.5174,0.1369,70.36,47.0,60.5,181.0,164.2,214.5,226.9,193.8,211.2,165.8,108.3,14706.5,886.89,76.00672727,92.12863636,1.773368182,1341.5,1189.5,1264.4083333333333,"[1285.125, 1318.25, 1297.75, 1276.5, 1287.375, 1260.5, 1234.75, 1220.375, 1218.0, 1239.625, 1243.875, 1257.625, 1268.625, 1270.875, 1286.875]"
2008-02-08,0.0799,0.4718,0.5174,0.1369,70.36,47.0,60.5,182.7,164.4,223.1,235.8,190.2,219.4,167.5,108.3,14706.5,923.22,75.73866667,94.09333333,1.733042857,1522.25,1306.5,1399.6333333333334,"[1352.0, 1334.0, 1326.5, 1323.0, 1349.25, 1372.125, 1393.0, 1395.0, 1403.625, 1410.25, 1445.375, 1450.5, 1458.875, 1476.625, 1504.375]"
2008-03-11,0.07,0.5117,0.5026,0.1369,70.36,47.0,61.0,187.9,169.6,245.6,246.0,217.8,228.7,169.8,109.8,14706.5,963.34,72.51755,102.653,1.706280952,1440.25,1106.5,1310.5166666666667,"[1415.125, 1397.75, 1408.875, 1387.625, 1338.5, 1285.75, 1286.25, 1221.5, 1233.875, 1288.25, 1341.0, 1338.625, 1297.875, 1248.625, 1168.125]"
2008-04-09,0.0828,0.5309,0.5299,0.1209,70.36,47.0,61.0,190.9,166.7,239.8,244.9,232.1,228.2,171.2,110.5,14865.7,912.08,72.10131818,109.6554545,1.688163636,1398.0,1254.75,1340.025,"[1288.125, 1347.25, 1344.25, 1348.0, 1383.5, 1362.75, 1347.125, 1342.625, 1327.75, 1345.75, 1377.625, 1359.5, 1340.375, 1305.5, 1280.25]"
2008-05-09,0.075,0.5309,0.5444,0.0715,70.36,47.0,61.0,196.6,169.7,233.4,244.2,228.3,226.9,174.0,112.7,14865.7,890.33,72.83763636,123.5886364,1.659690909,1402.0,1307.75,1351.8416666666667,"[1337.625, 1356.875, 1358.625, 1377.25, 1345.5, 1375.75, 1349.375, 1343.25, 1342.0, 1339.875, 1347.375, 1365.0, 1360.75, 1341.875, 1336.5]"
2008-06-10,0.0873,0.5551,0.5359,0.064,84.5,48.0,64.0,200.5,176.2,251.1,260.4,256.0,242.6,176.1,115.1,14865.7,888.61,73.19709524,132.5561905,1.619485714,1607.25,1419.0,1532.8583333333333,"[1442.375, 1484.375, 1519.5, 1546.0, 1556.0, 1545.375, 1556.25, 1540.5, 1545.75, 1507.375, 1510.5, 1515.25, 1556.75, 1582.5, 1584.375]"
2008-07-11,0.07,0.5666,0.5237,0.0793,81.65,48.0,64.0,205.5,174.3,235.7,278.0,240.5,259.5,180.3,116.0,14899.0,940.66,72.4896087,135.7930435,1.590304348,1635.0,1354.25,1463.725,"[1609.0, 1590.25, 1570.625, 1550.375, 1549.5, 1501.25, 1438.875, 1407.75, 1396.875, 1388.125, 1389.5, 1407.0, 1380.625, 1382.125, 1394.0]"
2008-08-12,0.0685,0.5645,0.5068,0.1055,80.9,49.5,62.5,199.0,164.7,209.8,219.2,205.4,203.0,180.5,116.0,14899.0,840.88,75.8642381,116.2666667,1.607785714,1364.5,1177.0,1292.6666666666667,"[1197.375, 1242.125, 1264.75, 1231.5, 1250.625, 1290.625, 1288.375, 1327.375, 1324.625, 1347.0, 1324.25, 1345.125, 1332.25, 1338.25, 1285.75]"
2008-09-12,0.0692,0.5784,0.5155,0.0956,79.85,50.5,62.5,196.9,163.5,201.5,220.0,201.4,200.6,179.2,115.1,14899.0,826.98,78.15345455,101.3040909,1.782622727,1222.5,992.25,1140.5333333333333,"[1200.25, 1182.625, 1144.625, 1125.5, 1125.5, 1137.375, 1173.125, 1189.625, 1193.125, 1186.375, 1176.75, 1127.25, 1067.5, 1052.625, 1025.75]"
2008-10-10,0.1141,0.6059,0.5394,0.108,81.19,50.5,62.5,186.4,145.3,157.2,162.2,152.6,144.1,176.4,114.3,14608.2,811.69,82.81247826,76.08086957,2.162117391,964.0,825.0,900.7833333333333,"[932.5, 910.125, 925.625, 878.75, 849.875, 892.75, 912.25, 918.25, 885.375, 878.375, 882.25, 877.625, 907.125, 919.625, 941.25]"
2008-11-10,0.1075,0.6025,0.5228,0.1057,79.49,50.5,60.0,176.8,143.1,150.6,164.8,144.9,147.2,173.4,112.3,14608.2,755.87,86.39105,55.6525,2.231355,954.25,835.25,891.2833333333333,"[935.25, 921.875, 905.125, 892.625, 894.0, 901.375, 902.75, 907.25, 872.75, 849.0, 870.625, 881.875, 890.0, 882.875, 861.875]"
2008-12-11,0.1092,0.6076,0.5361,0.1419,79.49,50.5,59.0,170.9,133.9,133.7,152.4,126.0,135.1,171.1,109.9,14608.2,821.9,83.31881818,43.64590909,2.367918182,985.75,826.75,895.8333333333334,"[846.25, 846.0, 860.375, 851.5, 864.0, 863.875, 864.5, 878.625, 889.5, 906.75, 941.625, 953.25, 941.25, 955.625, 974.375]"
2009-01-12,0.1216,0.5963,0.5346,0.1755,80.54,49.5,59.0,171.2,136.4,147.2,179.2,139.8,161.9,170.1,110.0,14430.9,859.59,83.8062381,45.28619048,2.28037,1060.25,943.25,994.2833333333333,"[1013.125, 976.0, 975.75, 991.375, 1010.0, 1007.25, 1003.75, 1015.5, 1017.875, 1016.5, 995.125, 980.0, 975.0, 977.25, 959.75]"
2009-02-10,0.1157,0.5516,0.5004,0.1755,80.54,43.8,57.0,169.3,132.8,150.3,182.2,146.0,164.7,168.7,108.2,14430.9,941.12,86.4834,44.011,2.306865,1010.0,843.0,906.5166666666667,"[996.125, 986.0, 976.375, 968.25, 929.5, 897.5, 891.625, 871.625, 877.625, 873.375, 876.875, 873.75, 865.125, 858.5, 855.5]"
2009-03-11,0.1025,0.5572,0.5004,0.169,80.54,43.0,57.0,168.1,130.6,151.5,167.9,147.9,150.9,167.6,107.2,14430.9,927.94,86.55518182,47.29136364,2.305463636,981.25,856.5,922.3333333333334,"[872.625, 871.625, 878.5, 891.375, 912.25, 914.875, 940.5, 944.125, 966.375, 959.5, 959.5, 951.625, 932.375, 910.5, 929.25]"
2009-04-09,0.0914,0.4843,0.4743,0.1644,80.54,39.0,57.0,169.1,136.8,152.2,193.5,150.1,176.1,168.6,107.1,14381.2,892.41,85.27119048,51.17809524,2.202071429,1073.0,984.5,1031.575,"[1017.875, 1010.625, 1029.25, 1037.5, 1046.5, 1060.5, 1040.5, 1027.75, 1043.125, 1048.75, 1037.875, 1009.25, 1002.875, 1010.375, 1050.875]"
2009-05-12,0.1246,0.5685,0.474,0.1074,86.95,51.0,60.0,170.8,137.8,166.7,212.1,166.2,193.3,170.5,106.4,14381.2,926.13,82.4113,57.50857143,2.075238095,1227.0,1102.0,1163.95,"[1114.75, 1126.875, 1131.75, 1140.5, 1130.875, 1155.125, 1174.75, 1163.75, 1174.375, 1169.25, 1189.25, 1186.375, 1184.125, 1206.375, 1211.125]"
2009-06-10,0.1138,0.5685,0.4463,0.1033,86.95,51.0,60.0,174.1,142.1,173.9,232.0,173.9,213.0,171.4,107.0,14381.2,948.09,80.09404545,69.09727273,1.946690909,1291.25,1150.5,1210.05,"[1246.5, 1269.75, 1258.625, 1225.75, 1203.25, 1201.5, 1212.5, 1200.625, 1167.5, 1167.125, 1182.5, 1191.0, 1202.25, 1210.625, 1211.25]"
2009-07-10,0.1345,0.5611,0.4388,0.1466,88.72,51.0,60.0,172.5,131.6,142.6,199.7,140.5,182.5,169.7,107.8,14448.9,933.79,79.63734783,65.61086957,1.935726087,1134.25,970.25,1029.3083333333334,"[1036.25, 1028.375, 1021.25, 1040.875, 999.625, 994.125, 1020.375, 1022.625, 1018.0, 1027.5, 1025.125, 1018.5, 1040.0, 1051.25, 1095.75]"
2009-08-12,0.114,0.553,0.4301,0.1505,87.07,51.0,60.0,175.0,130.1,136.4,218.4,135.9,200.0,169.7,108.6,14448.9,949.84,78.41271429,72.87428571,1.8412,1164.75,976.75,1059.4333333333334,"[1093.875, 1087.75, 1045.25, 1001.25, 989.625, 992.375, 1000.5, 1016.875, 1058.125, 1090.375, 1090.75, 1103.375, 1137.875, 1120.5, 1063.0]"
2009-09-11,0.1182,0.5362,0.4301,0.151,88.32,51.0,62.0,174.1,126.8,131.1,176.0,130.5,162.1,169.5,108.0,14448.9,995.27,77.0482381,68.415,1.82535,977.75,892.0,925.2583333333333,"[914.75, 901.0, 939.625, 944.5, 950.0, 947.0, 924.5, 915.25, 914.0, 917.125, 923.875, 925.0, 919.625, 918.875, 923.75]"
2009-10-09,0.1232,0.6211,0.4466,0.1537,88.45,52.5,62.0,175.2,133.2,142.5,183.6,142.9,170.1,168.3,108.6,14651.2,1043.31,75.99313636,73.25,1.739309091,1028.0,930.25,987.825,"[949.375, 982.875, 999.625, 998.5, 985.0, 985.25, 985.0, 992.25, 996.125, 1001.75, 1014.5, 1000.375, 981.375, 968.875, 976.5]"
2009-11-10,0.1446,0.6211,0.4622,0.1494,90.34,53.0,63.0,177.4,135.5,144.6,173.1,144.4,160.0,169.1,109.4,14651.2,1125.67,75.39625,77.42809524,1.726761905,1078.5,952.75,1022.9833333333333,"[963.875, 975.25, 979.0, 996.25, 1001.625, 1017.375, 1036.25, 1032.375, 1040.75, 1052.375, 1040.625, 1044.75, 1038.875, 1059.875, 1065.5]"
2009-12-10,0.1365,0.6156,0.468,0.154,90.34,53.0,63.0,178.1,141.5,144.5,189.8,144.4,176.2,171.2,109.4,14651.2,1131.77,76.6185,75.27863636,1.750195238,1069.75,984.5,1027.1166666666666,"[1026.25, 1030.625, 1041.25, 1059.0, 1060.625, 1039.375, 1020.375, 1009.875, 997.25, 995.875, 1003.0, 1015.375, 1030.125, 1035.25, 1042.5]"
2010-01-12,0.1299,0.6241,0.507,0.1601,91.47,53.0,65.0,181.9,142.5,143.8,180.6,142.4,167.1,172.2,111.1,14764.6,1118.92,77.76778947,77.3345,1.77404,1013.5,905.25,952.3916666666667,"[991.25, 982.625, 984.5, 980.25, 973.375, 955.875, 954.0, 951.25, 945.625, 941.0, 937.5, 929.25, 925.25, 916.5, 917.625]"
2010-02-09,0.1106,0.6605,0.4877,0.1547,91.47,53.0,66.0,181.0,142.3,138.3,171.4,136.8,157.9,172.4,111.2,14764.6,1096.18,80.15278947,74.3135,1.844345,978.75,918.75,947.475,"[932.0, 929.25, 943.25, 936.25, 955.625, 956.0, 949.875, 940.125, 953.375, 965.375, 954.125, 945.875, 945.5, 951.5, 954.0]"
2010-03-10,0.0999,0.6638,0.4907,0.1619,91.42,53.0,67.0,183.3,150.3,138.5,173.5,137.5,160.1,172.6,112.1,14764.6,1114.73,80.62034783,79.70086957,1.783552174,977.5,921.75,952.8333333333334,"[953.0, 945.875, 930.5, 927.5, 939.25, 952.125, 954.875, 958.125, 965.75, 970.625, 960.5, 954.25, 948.375, 964.5, 967.25]"
2011-01-12,0.0795,0.4829,0.3957,0.0649,90.61,50.5,67.5,192.7,173.3,226.7,243.7,232.2,227.4,181.1,115.7,15351.4,1365.03,79.24905,96.59,1.668747619,1452.0,1359.0,1408.725,"[1393.0, 1422.75, 1414.5, 1419.125, 1417.0, 1402.25, 1416.0, 1411.625, 1389.125, 1377.625, 1389.0, 1407.875, 1403.875, 1424.375, 1442.75]"
2011-02-09,0.0795,0.4804,0.3984,0.0584,90.61,49.5,68.5,195.8,189.8,255.2,247.4,261.3,229.8,184.6,116.8,15351.4,1371.03,77.80115789,103.57,1.66361,1455.75,1284.75,1377.1333333333334,"[1445.375, 1442.5, 1426.25, 1412.375, 1387.0, 1366.5, 1386.375, 1385.875, 1341.875, 1303.125, 1312.375, 1350.25, 1360.875, 1358.125, 1378.125]"
2011-03-10,0.0795,0.4952,0.4031,0.0584,90.61,49.5,70.0,199.2,185.1,239.1,231.7,250.9,214.5,187.8,118.7,15351.4,1422.05,76.33973913,114.463913,1.658130435,1385.75,1270.0,1342.9,"[1345.375, 1332.25, 1330.0, 1308.0, 1290.75, 1316.0, 1354.25, 1364.125, 1354.875, 1361.5, 1348.0, 1360.5, 1358.0, 1355.0, 1364.875]"
2011-04-08,0.0789,0.5245,0.4376,0.0584,90.61,49.5,72.0,203.1,191.1,272.1,241.7,287.1,224.5,190.8,119.6,15557.5,1478.86,74.81547619,122.5355,1.586675,1406.5,1316.5,1358.4083333333333,"[1378.25, 1385.25, 1344.25, 1338.625, 1327.125, 1330.375, 1335.625, 1342.75, 1357.0, 1366.875, 1381.75, 1380.875, 1375.875, 1363.875, 1367.625]"
2011-05-11,0.0905,0.5357,0.4272,0.0779,89.4,53.0,72.5,204.1,186.0,266.0,244.0,278.2,226.2,191.2,120.3,15557.5,1513.5,74.87542857,115.0922727,1.611486364,1398.25,1312.25,1363.7,"[1328.625, 1336.625, 1337.375, 1333.25, 1327.5, 1364.125, 1379.125, 1380.5, 1379.5, 1377.375, 1379.75, 1387.625, 1385.25, 1378.875, 1380.0]"
2011-06-09,0.1075,0.521,0.4314,0.0607,89.4,53.0,72.5,203.9,192.6,281.9,251.2,301.7,233.2,191.8,120.4,15557.5,1529.75,74.6805,113.9331818,1.586404545,1413.25,1292.75,1350.775,"[1399.75, 1387.375, 1384.5, 1370.25, 1365.0, 1360.75, 1343.875, 1338.875, 1346.25, 1336.125, 1313.0, 1320.125, 1320.375, 1337.125, 1338.25]"
2011-07-12,0.0993,0.5498,0.4533,0.075,87.77,53.0,72.5,204.6,188.4,260.7,251.1,279.8,232.7,193.4,120.4,15647.7,1568.25,74.71214286,116.2857143,1.561752381,1408.0,1334.25,1373.9333333333334,"[1349.125, 1367.75, 1380.625, 1386.75, 1380.875, 1391.75, 1381.875, 1378.0, 1381.625, 1361.5, 1373.375, 1378.25, 1373.5, 1361.375, 1362.625]"
2011-08-11,0.0888,0.5378,0.462,0.0626,83.17,53.0,73.5,203.2,192.2,263.6,242.1,283.2,222.2,195.5,120.7,15647.7,1755.45,74.23686957,110.1178261,1.59286087,1456.0,1290.25,1374.4166666666667,"[1319.75, 1328.375, 1337.875, 1339.25, 1349.375, 1347.5, 1353.0, 1370.875, 1384.25, 1388.875, 1384.5, 1398.5, 1425.0, 1440.125, 1449.0]"
2011-09-12,0.0943,0.545,0.4855,0.0605,83.97,53.0,73.5,203.7,190.3,266.8,248.9,286.7,227.9,196.4,120.1,15647.7,1780.67,76.86595238,110.8609091,1.731913636,1432.25,1175.0,1312.9833333333333,"[1410.375, 1392.0, 1386.875, 1371.75, 1359.5, 1341.75, 1342.75, 1332.625, 1300.25, 1269.625, 1246.625, 1268.875, 1241.25, 1223.625, 1206.875]"
2011-10-12,0.0911,0.5661,0.4887,0.078,83.28,53.0,73.5,201.1,183.5,240.3,226.2,252.5,205.5,194.4,120.5,15842.3,1666.21,77.30957143,108.53,1.77467619,1275.75,1180.5,1230.1166666666666,"[1229.125, 1244.125, 1262.375, 1261.0, 1239.75, 1241.25, 1213.875, 1229.0, 1224.625, 1226.75, 1221.75, 1226.75, 1228.5, 1206.25, 1196.625]"
2011-11-09,0.1114,0.5572,0.4887,0.0766,82.89,52.0,75.0,201.4,186.7,243.5,223.8,256.4,201.2,194.8,120.7,15842.3,1737.48,77.89313636,110.6127273,1.779986364,1212.0,1102.75,1160.1166666666666,"[1197.75, 1179.125, 1174.5, 1185.0, 1192.25, 1192.875, 1177.0, 1165.125, 1159.625, 1148.375, 1139.75, 1114.25, 1120.625, 1126.75, 1128.75]"
2011-12-09,0.1318,0.5572,0.4739,0.0771,82.89,52.0,75.0,199.8,181.3,226.4,212.0,237.6,190.3,194.2,120.9,15842.3,1646.75,79.5162381,108.0980952,1.835572727,1209.0,1094.25,1146.2666666666667,"[1116.875, 1105.0, 1116.625, 1106.75, 1107.125, 1121.0, 1140.25, 1142.625, 1145.625, 1156.125, 1161.875, 1189.375, 1196.375, 1192.625, 1195.75]"
2012-01-12,0.1586,0.5443,0.4353,0.0769,83.17,50.5,74.0,200.7,184.7,243.5,229.1,259.4,206.5,194.9,122.1,16068.8,1648.3,80.36213636,111.4985714,1.789157143,1231.0,1150.0,1199.85,"[1181.75, 1176.0, 1174.875, 1179.75, 1189.5, 1193.5, 1205.5, 1216.625, 1217.375, 1222.125, 1220.375, 1201.625, 1192.75, 1210.5, 1215.5]"
2012-02-09,0.1586,0.5277,0.3968,0.0728,83.17,48.0,72.0,201.6,185.7,241.6,237.2,256.8,214.3,194.9,122.9,16068.8,1743.6,78.94155,118.3590476,1.716480952,1317.5,1215.0,1268.2333333333333,"[1235.125, 1222.875, 1243.0, 1253.625, 1259.0, 1255.375, 1264.75, 1268.0, 1266.875, 1273.25, 1278.375, 1285.75, 1299.25, 1309.5, 1308.75]"
2012-03-09,0.1586,0.4926,0.3767,0.0728,83.17,46.5,68.5,204.2,191.1,250.5,253.5,268.2,229.9,195.7,124.1,16068.8,1677.74,79.51463636,124.5040909,1.786286364,1388.5,1330.25,1358.85,"[1342.875, 1337.0, 1343.0, 1353.625, 1361.0, 1370.5, 1370.25, 1354.875, 1351.375, 1349.25, 1359.5, 1376.25, 1378.0, 1371.5, 1363.75]"
2012-04-10,0.1433,0.4892,0.368,0.0728,83.17,45.0,66.0,203.7,187.0,242.3,267.2,258.7,243.1,196.0,124.5,16207.1,1649.22,79.4487619,120.657,1.849215,1509.0,1403.75,1445.8166666666666,"[1437.0, 1423.125, 1432.25, 1439.5, 1425.625, 1426.375, 1418.875, 1418.5, 1433.5, 1444.5, 1450.625, 1477.0, 1472.25, 1496.125, 1492.0]"
2012-05-10,0.0813,0.5134,0.4255,0.1584,87.23,55.0,78.0,201.9,185.1,234.2,264.1,249.7,240.7,196.6,124.5,16207.1,1591.74,80.842,111.3382609,1.977243478,1461.75,1339.5,1399.4083333333333,"[1444.125, 1432.125, 1391.375, 1397.875, 1404.625, 1435.0, 1421.875, 1415.75, 1396.375, 1366.875, 1377.625, 1379.0, 1390.625, 1379.375, 1358.5]"
2012-06-12,0.0789,0.5291,0.413,0.1584,87.23,55.0,78.0,199.8,184.7,232.8,268.7,247.6,245.1,197.1,124.5,16207.1,1598.4,82.26004762,96.42571429,2.050380952,1542.0,1370.75,1447.1333333333334,"[1432.75, 1421.125, 1399.875, 1386.125, 1385.75, 1420.25, 1436.75, 1443.75, 1449.625, 1474.875, 1481.375, 1482.25, 1468.375, 1491.875, 1532.25]"
2012-07-11,0.075,0.4929,0.387,0.1064,83.01,55.0,78.0,200.1,193.9,278.8,299.1,298.4,274.7,198.2,124.0,16319.5,1592.39,83.00531818,102.1613636,2.024659091,1777.75,1553.0,1663.9583333333333,"[1589.0, 1574.125, 1585.75, 1623.0, 1632.25, 1655.75, 1713.25, 1753.375, 1725.125, 1667.375, 1659.875, 1672.875, 1667.875, 1713.0, 1726.75]"
2012-08-10,0.0705,0.4999,0.4049,0.0654,73.27,55.0,81.0,202.7,199.4,289.7,301.9,312.3,282.8,200.6,124.2,16319.5,1626.39,82.22726087,112.3734783,2.027173913,1780.75,1610.25,1701.9666666666667,"[1673.25, 1649.75, 1622.625, 1642.25, 1659.5, 1661.25, 1686.0, 1728.75, 1745.25, 1742.375, 1736.5, 1744.75, 1726.375, 1746.5, 1764.375]"
2012-09-12,0.0712,0.5049,0.4074,0.0733,71.69,55.0,81.0,204.4,200.2,289.2,311.4,310.1,289.8,202.1,123.3,16319.5,1741.38,79.96415,113.387,2.023415,1765.75,1526.5,1639.5416666666667,"[1721.75, 1741.375, 1751.625, 1702.625, 1649.75, 1659.375, 1651.0, 1623.25, 1608.125, 1614.875, 1589.125, 1570.75, 1586.625, 1579.0, 1543.875]"
2012-10-11,0.0784,0.5351,0.4372,0.0619,77.84,55.0,81.0,203.5,198.2,280.7,284.2,297.7,263.1,202.4,124.2,16420.4,1746.24,79.75430435,111.8,2.02623913,1574.75,1485.75,1536.5833333333333,"[1544.625, 1531.75, 1502.875, 1503.875, 1499.25, 1527.625, 1544.0, 1542.5, 1542.0, 1562.0, 1565.875, 1559.625, 1542.5, 1537.0, 1543.25]"
2012-11-09,0.0833,0.5366,0.4294,0.0645,80.86,55.0,81.0,201.8,199.8,277.2,262.2,292.8,240.7,202.6,124.1,16420.4,1722.84,80.676,109.3909091,2.060736364,1499.0,1372.25,1423.6583333333333,"[1474.5, 1425.375, 1404.5, 1417.875, 1414.375, 1390.75, 1394.125, 1398.375, 1411.625, 1420.75, 1426.125, 1437.0, 1448.375, 1450.625, 1440.5]"
2012-12-11,0.0769,0.5558,0.417,0.0645,80.86,55.0,81.0,201.5,200.0,277.2,273.5,293.7,252.3,201.7,124.0,16420.4,1686.16,79.79375,109.2875,2.080266667,1508.75,1398.5,1450.1583333333333,"[1476.0, 1468.0, 1477.5, 1485.625, 1500.625, 1482.125, 1452.625, 1422.0, 1423.625, 1436.0, 1434.25, 1426.375, 1424.625, 1421.625, 1421.375]"
2013-01-11,0.0782,0.5332,0.4294,0.0584,82.06,54.0,82.5,202.5,202.7,278.8,267.1,297.8,246.8,200.6,125.0,16648.2,1671.35,79.91859091,112.0431818,2.03023913,1486.5,1351.5,1435.8083333333334,"[1366.625, 1399.75, 1422.125, 1425.625, 1435.125, 1429.75, 1448.375, 1445.0, 1427.0, 1435.5, 1443.625, 1449.5, 1464.375, 1469.625, 1475.125]"
2013-02-08,0.072,0.5456,0.4529,0.0612,82.06,53.0,83.5,204.3,197.5,268.1,262.9,286.2,244.9,200.6,125.4,16648.2,1630.8,80.469,116.44,1.971645,1516.5,1404.5,1452.8083333333334,"[1472.875, 1440.0, 1427.75, 1416.625, 1417.375, 1421.5, 1453.25, 1479.25, 1482.5, 1488.0, 1454.375, 1447.625, 1454.0, 1470.875, 1466.125]"
2013-03-08,0.072,0.5591,0.4529,0.0606,82.06,51.5,83.5,204.0,203.8,275.4,272.9,297.5,254.4,200.9,126.3,16648.2,1592.2,82.6172381,109.663,1.980809524,1484.75,1397.0,1441.2416666666666,"[1467.5, 1475.625, 1472.75, 1454.5, 1439.5, 1433.875, 1414.75, 1410.875, 1414.125, 1435.5, 1440.875, 1438.0, 1441.75, 1450.625, 1428.375]"
2013-04-10,0.072,0.6079,0.5486,0.0733,82.06,51.5,83.5,203.5,196.1,251.1,260.3,264.7,242.5,200.6,125.5,16728.7,1489.78,82.57959091,103.8304545,1.998754545,1488.75,1382.5,1420.7083333333333,"[1397.625, 1394.375, 1409.25, 1406.75, 1403.0, 1417.875, 1430.25, 1431.5, 1417.375, 1423.5, 1414.0, 1414.125, 1424.625, 1450.0, 1476.375]"
2013-05-10,0.1462,0.6545,0.6179,0.1725,92.26,54.5,85.0,204.1,203.0,261.9,273.1,278.3,254.6,201.7,125.1,16728.7,1421.44,83.15217391,103.243913,2.028956522,1546.75,1390.0,1461.2416666666666,"[1404.75, 1408.25, 1415.5, 1412.5, 1419.625, 1436.625, 1454.625, 1467.625, 1482.625, 1517.125, 1488.5, 1500.5, 1504.5, 1497.25, 1508.625]"
2013-06-12,0.1462,0.6998,0.5422,0.1688,92.26,54.5,85.0,204.3,203.1,265.7,284.5,284.9,265.5,202.7,126.0,16728.7,1349.67,81.8907,103.3365,2.16442,1604.25,1485.5,1528.4833333333333,"[1544.625, 1525.0, 1514.0, 1504.75, 1520.0, 1516.125, 1508.875, 1497.25, 1499.75, 1517.375, 1525.75, 1540.5, 1556.25, 1582.125, 1574.875]"
2013-07-11,0.1628,0.662,0.5422,0.1704,93.08,53.5,85.0,204.4,200.7,257.0,292.4,274.6,274.6,203.2,126.3,16953.8,1285.02,82.86769565,107.1430435,2.24386087,1526.25,1328.75,1431.4333333333334,"[1468.25, 1452.5, 1438.75, 1470.5, 1473.125, 1468.0, 1480.875, 1506.25, 1493.125, 1429.375, 1372.5, 1345.375, 1349.625, 1363.75, 1359.5]"
2013-08-12,0.1229,0.6998,0.5289,0.1605,88.6,53.5,85.0,204.2,191.4,216.2,242.7,223.2,225.6,202.3,126.5,16953.8,1350.06,81.47927273,110.0395455,2.337136364,1453.75,1217.25,1338.1416666666667,"[1237.75, 1260.75, 1257.125, 1282.5, 1289.25, 1309.875, 1315.375, 1320.0, 1329.25, 1347.375, 1408.75, 1430.5, 1421.75, 1437.5, 1424.375]"
2013-09-12,0.0847,0.707,0.5471,0.162,85.71,53.5,88.0,203.9,188.0,200.2,258.7,201.2,241.6,202.4,125.1,16953.8,1351.76,81.29909524,111.5655,2.269733333,1400.0,1263.5,1327.0583333333334,"[1370.0, 1390.375, 1359.0, 1349.25, 1342.375, 1346.25, 1326.125, 1311.625, 1314.0, 1317.25, 1317.0, 1319.625, 1299.0, 1271.125, 1272.875]"
2013-11-08,0.0949,0.6964,0.4928,0.1634,88.66,53.5,88.0,201.2,186.0,178.2,244.2,171.3,226.3,200.3,125.4,17192.0,1279.99,80.8012381,107.71,2.291485714,1341.0,1261.75,1303.1,"[1279.625, 1296.5, 1307.625, 1312.625, 1313.25, 1296.875, 1283.25, 1281.125, 1277.0, 1283.875, 1306.25, 1321.875, 1323.75, 1329.625, 1333.25]"
2013-12-10,0.0831,0.7002,0.4928,0.1545,88.66,54.5,88.0,202.0,184.8,179.0,244.0,172.3,227.4,200.7,126.8,17192.0,1224.53,80.36957143,110.6325,2.341304762,1353.5,1309.0,1330.8833333333334,"[1342.0, 1340.0, 1332.75, 1320.125, 1331.25, 1339.25, 1337.125, 1322.75, 1333.25, 1337.0, 1331.5, 1324.375, 1325.625, 1326.25, 1320.0]"
2014-01-10,0.0831,0.73,0.5126,0.1394,89.51,54.5,89.0,203.8,188.6,177.2,242.5,170.6,224.9,201.4,126.9,17197.7,1243.07,80.79622727,107.5957143,2.376781818,1330.5,1260.0,1289.825,"[1284.25, 1281.625, 1302.625, 1312.125, 1320.75, 1312.0, 1297.0, 1279.0, 1286.0, 1275.25, 1286.0, 1283.75, 1276.0, 1273.25, 1277.75]"
2014-02-10,0.0835,0.7723,0.5126,0.1266,89.51,54.0,90.0,205.7,191.5,180.9,244.1,174.7,227.1,202.3,127.1,17197.7,1296.91,80.52465,108.6689474,2.38165,1452.25,1312.5,1366.725,"[1329.25, 1325.0, 1331.0, 1335.0, 1346.375, 1348.625, 1361.375, 1352.375, 1361.875, 1379.5, 1388.5, 1400.125, 1422.125, 1399.875, 1419.875]"
2014-03-10,0.0811,0.7723,0.4755,0.1245,89.51,54.0,88.5,207.0,204.1,193.2,258.4,187.0,241.0,205.9,128.4,17197.7,1336.37,79.86019048,107.867619,2.325347619,1456.5,1365.5,1416.7833333333333,"[1435.125, 1419.75, 1386.375, 1396.625, 1390.5, 1385.625, 1402.0, 1429.25, 1439.375, 1420.5, 1413.0, 1426.0, 1431.25, 1440.5, 1435.875]"
2014-04-09,0.0758,0.772,0.4746,0.1138,89.51,54.0,87.5,208.3,211.0,203.0,275.5,199.2,257.9,210.9,129.0,17518.5,1298.51,79.89463636,107.9833333,2.229647619,1532.0,1460.75,1494.925,"[1496.75, 1485.625, 1471.5, 1469.625, 1491.375, 1511.125, 1517.875, 1505.5, 1493.0, 1477.0, 1469.0, 1486.0, 1509.875, 1515.625, 1524.0]"
2014-05-09,0.1808,0.7437,0.6125,0.1477,98.93,54.0,91.0,208.0,208.8,203.9,273.6,198.5,255.4,211.0,129.0,17518.5,1289.85,79.91595455,109.2171429,2.217663636,1536.75,1453.0,1488.7333333333333,"[1472.25, 1479.25, 1472.75, 1478.25, 1478.0, 1470.0, 1474.5, 1484.75, 1487.625, 1519.875, 1520.625, 1501.0, 1492.375, 1501.0, 1498.75]"
2014-06-11,0.178,0.7556,0.6062,0.1477,98.93,54.0,91.0,208.3,205.5,184.3,267.9,178.8,250.3,211.8,129.7,17518.5,1278.48,80.45861905,111.8335,2.232480952,1466.5,1380.0,1419.7916666666667,"[1455.5, 1431.375, 1420.0, 1426.5, 1410.5, 1406.25, 1414.0, 1412.625, 1419.5, 1415.0, 1416.625, 1426.875, 1433.25, 1414.25, 1394.625]"
2014-07-11,0.2221,0.7675,0.6,0.1548,103.42,54.0,91.0,208.0,199.3,158.9,228.9,148.3,212.6,212.9,129.8,17804.2,1313.19,80.46213043,108.5436364,2.218421739,1242.25,1153.25,1200.9,"[1198.75, 1200.25, 1174.125, 1192.0, 1186.125, 1178.0, 1175.5, 1184.625, 1193.25, 1215.875, 1206.125, 1228.375, 1230.75, 1225.375, 1224.375]"
2014-08-12,0.2306,0.7692,0.5863,0.1544,103.85,54.0,91.0,207.0,191.3,152.3,211.1,142.8,196.2,212.9,130.0,17804.2,1294.99,81.82871429,103.4990476,2.265095238,1189.25,1064.25,1108.0666666666666,"[1096.875, 1090.25, 1085.125, 1102.125, 1110.0, 1114.5, 1123.5, 1129.875, 1153.75, 1155.75, 1097.875, 1086.0, 1095.875, 1083.0, 1096.5]"
2014-09-11,0.2522,0.7931,0.5983,0.1688,106.5,55.0,94.0,206.4,193.1,148.7,195.3,136.2,180.9,212.6,128.4,17804.2,1239.09,84.23918182,98.91380952,2.322654545,999.75,904.0,952.0833333333334,"[982.25, 984.625, 984.375, 988.25, 982.75, 978.625, 964.0, 944.5, 937.75, 938.125, 932.0, 917.25, 915.0, 919.875, 911.875]"
2014-10-10,0.2392,0.849,0.5877,0.1748,106.87,55.0,94.0,203.4,191.5,143.7,179.8,131.0,164.1,211.8,128.4,17912.1,1224.3,85.62226087,88.72217391,2.445443478,1053.75,915.75,974.25,"[936.25, 933.375, 956.875, 964.625, 958.375, 962.0, 943.375, 954.75, 971.375, 975.125, 989.25, 988.0, 1017.25, 1024.5, 1038.625]"
2014-11-10,0.2375,0.842,0.5877,0.1686,107.73,55.0,94.0,200.9,196.1,151.7,190.7,140.1,175.4,210.0,128.2,17912.1,1176.12,87.71285,80.90526316,2.54333,1086.25,1003.75,1035.3166666666666,"[1039.875, 1046.875, 1065.25, 1058.625, 1036.75, 1026.5, 1031.5, 1014.375, 1013.625, 1026.75, 1032.75, 1043.5, 1046.625, 1032.25, 1014.5]"
2014-12-10,0.2164,0.8469,0.5983,0.1676,107.73,55.0,94.0,197.0,187.9,160.4,192.0,150.8,177.6,208.5,128.3,17912.1,1198.21,89.02190909,64.21772727,2.638895455,1061.75,1015.0,1036.975,"[1044.0, 1037.0, 1042.75, 1045.75, 1030.25, 1024.5, 1032.0, 1029.125, 1033.75, 1040.625, 1033.5, 1038.5, 1050.375, 1043.0, 1029.5]"
2015-01-12,0.2163,0.8469,0.6339,0.1585,108.01,55.0,95.5,192.0,180.7,157.2,183.2,149.5,168.5,205.1,128.2,18063.5,1248.27,92.806,50.08428571,2.628966667,1061.5,955.0,986.2583333333333,"[1038.5, 1013.625, 1002.125, 1002.5, 989.5, 979.5, 984.25, 983.75, 973.875, 975.625, 978.875, 972.0, 972.375, 963.875, 963.5]"
2015-02-10,0.2015,0.8212,0.6093,0.1536,108.01,56.0,94.5,191.1,173.2,157.7,179.2,152.9,163.5,202.5,127.3,18063.5,1230.19,94.3992,58.21210526,2.808285,1037.25,966.0,1001.9166666666666,"[976.5, 973.5, 979.25, 990.25, 1000.25, 1001.5, 1005.375, 1004.25, 999.25, 1014.0, 1011.75, 1015.375, 1027.75, 1023.0, 1006.75]"
2015-03-10,0.2015,0.8212,0.6032,0.1494,108.01,56.0,94.5,191.5,175.5,157.6,183.1,152.8,167.0,201.8,127.7,18063.5,1180.44,97.70636364,57.25181818,3.124595455,997.5,953.5,976.6583333333333,"[987.875, 989.875, 991.25, 983.25, 972.75, 963.25, 960.125, 968.375, 970.0, 981.625, 980.375, 982.875, 976.75, 970.625, 970.875]"
2015-04-09,0.1914,0.8448,0.6032,0.1543,108.01,57.0,94.5,190.9,175.8,153.8,180.6,149.8,164.5,201.2,127.2,18279.8,1199.46,97.72786364,60.55666667,3.04382381,989.75,944.5,968.0416666666666,"[961.125, 951.5, 951.625, 955.0, 967.75, 962.875, 967.75, 974.25, 972.875, 970.875, 977.0, 973.875, 972.0, 980.25, 981.875]"
2015-05-12,0.2559,0.6901,0.7429,0.1472,104.78,57.0,97.0,193.4,179.0,148.6,175.9,145.1,159.8,202.6,127.1,18279.8,1198.12,95.18728571,65.8325,3.046304762,981.5,920.5,942.5,"[968.25, 958.5, 957.625, 955.75, 957.25, 949.0, 941.875, 941.875, 932.625, 925.5, 926.875, 928.125, 931.125, 928.25, 934.875]"
2015-06-10,0.2425,0.7111,0.6487,0.1493,104.78,57.0,97.0,194.8,181.6,151.4,181.0,145.1,164.4,204.6,127.9,18279.8,1182.96,95.31431818,63.385,3.109940909,1059.25,930.25,974.6333333333333,"[951.125, 945.5, 940.125, 937.0, 948.875, 964.75, 971.875, 974.0, 980.75, 987.0, 984.75, 991.25, 1011.125, 1004.875, 1026.5]"
2015-07-10,0.216,0.7721,0.5984,0.1348,105.73,57.0,97.0,193.9,178.9,165.0,193.8,165.5,176.4,203.5,127.9,18401.6,1132.04,96.86226087,56.86318182,3.20753913,1053.25,959.75,1009.6916666666667,"[1035.125, 1030.75, 1041.875, 1024.625, 1026.75, 1014.375, 1005.5, 1014.125, 1019.5, 1016.625, 1000.0, 974.0, 969.75, 980.25, 992.125]"
2015-08-12,0.2357,0.7318,0.4279,0.1437,106.59,57.0,97.0,191.9,178.2,148.3,185.4,148.4,169.5,203.5,126.9,18401.6,1117.22,96.43328571,47.82761905,3.499914286,985.0,874.0,907.6416666666667,"[948.0, 929.0, 930.125, 926.375, 920.75, 908.5, 910.625, 912.375, 890.125, 897.5, 887.75, 886.875, 889.875, 889.375, 887.375]"
2015-09-11,0.2252,0.7174,0.4244,0.1338,107.1,57.0,97.0,189.1,170.7,147.8,167.3,149.5,151.3,201.4,125.5,18401.6,1126.05,95.79754545,48.40863636,3.881481818,902.25,853.25,878.4166666666666,"[865.625, 881.5, 888.75, 888.875, 885.5, 876.5, 871.125, 867.25, 865.25, 863.625, 879.5, 883.875, 879.125, 891.75, 888.0]"
2015-10-09,0.2114,0.706,0.4615,0.1312,105.81,57.0,100.0,187.5,167.1,147.2,168.4,147.2,152.9,199.5,125.8,18435.1,1155.96,95.69140909,49.01272727,3.874990909,919.75,871.5,896.1416666666667,"[884.25, 890.0, 900.5, 914.375, 909.875, 903.875, 895.625, 895.625, 900.75, 905.25, 896.5, 891.75, 888.625, 886.0, 879.125]"
2015-11-10,0.2297,0.644,0.4313,0.1484,108.35,57.0,100.0,185.7,164.4,141.0,159.8,141.0,144.8,198.1,125.7,18435.1,1089.32,98.89890476,45.89333333,3.774247619,891.75,844.25,863.575,"[859.25, 857.875, 860.125, 858.5, 855.875, 861.375, 860.0, 857.75, 856.625, 854.75, 865.25, 869.25, 874.375, 876.75, 885.875]"
2015-12-09,0.2297,0.6453,0.4422,0.1502,108.35,57.0,100.0,183.5,160.4,147.1,162.0,148.4,146.7,195.1,125.2,18435.1,1068.31,98.44390909,39.18272727,3.867190909,896.25,854.0,876.7583333333333,"[876.75, 879.625, 877.125, 872.875, 872.0, 863.5, 866.125, 883.375, 891.625, 890.0, 884.875, 880.0, 869.25, 870.625, 873.625]"
2016-01-12,0.2175,0.6046,0.4491,0.1518,106.95,57.0,100.0,182.6,166.5,140.8,163.4,140.3,147.9,193.4,126.0,18525.9,1095.23,98.98735,31.9265,4.048465,889.5,857.25,878.1583333333333,"[869.25, 875.875, 879.625, 876.875, 884.25, 877.125, 879.0, 880.5, 876.375, 879.0, 880.25, 875.75, 875.0, 879.625, 883.875]"
2016-02-09,0.2235,0.6137,0.4491,0.1545,106.95,58.5,100.0,181.3,163.6,139.9,160.8,141.5,145.6,194.3,125.5,18525.9,1192.94,97.17009524,33.8035,3.961709524,887.5,849.75,869.5583333333333,"[863.0, 863.875, 868.125, 872.0, 878.0, 881.0, 880.375, 879.75, 883.875, 874.125, 867.5, 864.75, 858.5, 854.5, 854.0]"
2016-03-09,0.2298,0.5747,0.4258,0.1545,106.93,58.5,100.0,182.1,161.9,142.6,164.6,143.9,150.0,194.1,126.1,18525.9,1245.18,96.44313043,39.60409091,3.710082609,917.0,880.25,899.4333333333333,"[884.125, 885.625, 891.875, 893.625, 892.0, 890.375, 899.0, 900.375, 898.625, 907.0, 907.0, 906.875, 910.5, 911.75, 912.75]"
2016-04-12,0.2225,0.5854,0.4023,0.1568,106.93,59.0,100.0,183.2,158.9,139.6,171.4,141.9,156.7,194.8,125.5,18711.7,1238.9,94.49528571,42.85904762,3.5556,1036.75,924.75,986.875,"[931.625, 947.5, 953.125, 952.375, 957.0, 970.0, 994.0, 1018.625, 998.125, 998.625, 1005.25, 1011.0, 1022.625, 1019.0, 1024.25]"
2016-05-10,0.1493,0.5015,0.3782,0.1762,103.42,57.0,103.0,185.3,162.7,142.7,196.8,145.9,180.2,195.7,124.7,18711.7,1261.67,94.47372727,47.59090909,3.5295,1098.0,1023.5,1072.0916666666667,"[1057.5, 1082.0, 1076.25, 1066.5, 1063.375, 1074.75, 1075.875, 1062.875, 1075.375, 1065.5, 1056.625, 1071.375, 1085.625, 1081.25, 1086.5]"
2016-06-10,0.1271,0.5061,0.3608,0.1643,103.42,57.0,103.0,187.6,166.7,159.8,211.7,168.2,195.7,197.5,125.7,18711.7,1270.53,94.64504545,49.90318182,3.431854545,1208.5,1099.25,1148.9583333333333,"[1188.625, 1183.0, 1164.625, 1166.25, 1144.25, 1146.25, 1148.5, 1140.25, 1136.5, 1133.0, 1115.625, 1120.75, 1146.875, 1147.875, 1152.0]"
2016-07-12,0.1416,0.5061,0.3544,0.1712,105.6,57.0,103.0,187.7,160.8,132.7,201.2,135.0,186.0,197.3,126.3,18892.6,1337.08,96.51095238,47.09809524,3.273714286,1141.0,980.5,1041.9833333333333,"[1087.875, 1115.75, 1110.25, 1077.25, 1066.25, 1060.0, 1040.625, 1033.125, 1011.0, 996.125, 991.625, 1003.375, 1010.0, 1015.25, 1011.25]"
2016-08-12,0.1596,0.5707,0.3693,0.1955,110.5,57.0,103.0,186.6,152.9,124.5,185.1,124.7,170.2,196.2,125.9,18892.6,1338.78,95.36543478,46.82043478,3.207313043,1041.25,954.0,1005.75,"[995.5, 1011.75, 1020.375, 1023.5, 1024.5, 1026.0, 1032.125, 1031.625, 1028.875, 1013.375, 992.375, 989.875, 973.625, 963.25, 959.5]"
2016-09-12,0.1761,0.5861,0.3807,0.1938,114.33,57.0,101.0,186.9,149.2,119.9,176.0,122.1,161.4,196.1,123.8,18892.6,1324.86,95.47881818,47.6375,3.249254545,994.0,934.0,960.425,"[974.375, 956.75, 944.25, 947.125, 957.375, 973.75, 982.375, 980.875, 976.875, 964.375, 952.0, 943.75, 950.125, 951.625, 950.75]"
2016-10-12,0.1901,0.6215,0.419,0.1887,116.18,57.0,102.0,186.7,140.7,122.5,173.5,125.5,158.0,194.6,124.9,19089.4,1265.67,97.57642857,51.38428571,3.188357143,1020.0,937.25,983.4166666666666,"[957.25, 948.375, 963.125, 970.0, 979.25, 976.875, 981.5, 979.375, 989.875, 989.125, 999.875, 1011.375, 1008.5, 1002.125, 994.625]"
2016-11-09,0.2336,0.639,0.419,0.1941,118.69,57.0,102.0,186.3,147.6,125.6,177.0,128.8,163.4,193.4,125.3,19089.4,1239.55,99.61418182,47.03761905,3.330281818,1065.0,975.25,1011.9833333333333,"[1000.875, 1004.0, 997.5, 982.5, 985.75, 990.25, 987.375, 989.375, 1008.5, 1024.25, 1026.5, 1038.125, 1053.75, 1049.0, 1042.0]"
2016-12-09,0.2336,0.6632,0.419,0.1941,118.69,57.0,102.0,188.2,153.1,130.3,184.5,134.9,170.8,194.5,126.3,19089.4,1151.13,101.9466667,54.9447619,3.352645455,1047.5,987.75,1016.8333333333334,"[1030.5, 1037.0, 1032.0, 1025.0, 1028.5, 1030.5, 1029.75, 1014.0, 1008.625, 1001.125, 992.25, 1002.25, 1010.125, 1008.125, 1002.75]"
2017-01-12,0.2042,0.647,0.4395,0.1905,117.21,57.0,104.0,190.7,156.1,133.0,183.9,136.5,168.4,195.2,127.1,19280.1,1191.2,101.3572727,55.4195,3.199831818,1080.0,1006.0,1048.9416666666666,"[1023.625, 1042.625, 1063.75, 1071.25, 1072.0, 1065.625, 1062.5, 1059.625, 1055.0, 1052.0, 1047.625, 1031.75, 1023.0, 1027.25, 1036.5]"
2017-02-09,0.2042,0.597,0.4395,0.1872,117.21,55.5,104.0,191.6,160.3,138.5,188.0,142.4,173.1,195.5,127.4,19280.1,1232.9,100.6243,56.03368421,3.10349,1063.5,1006.0,1037.0,"[1053.25, 1055.5, 1056.125, 1049.25, 1050.875, 1052.5, 1038.625, 1035.25, 1027.0, 1018.5, 1012.75, 1012.25, 1028.75, 1033.25, 1031.125]"
2017-03-09,0.2103,0.597,0.4664,0.1872,117.21,55.5,108.0,191.5,162.8,136.2,178.7,140.0,164.5,196.7,127.0,19280.1,1230.36,100.8023043,52.56652174,3.124273913,1022.75,967.25,995.3916666666667,"[1014.5, 1007.875, 1006.875, 1000.0, 1001.5, 1001.125, 999.375, 1003.5, 1001.5, 998.625, 996.125, 981.625, 973.375, 973.25, 971.625]"
2017-04-11,0.2164,0.6111,0.5017,0.1872,117.21,56.0,111.0,193.0,165.5,135.7,168.6,139.9,154.8,197.2,127.6,19438.6,1269.07,100.0286316,53.83263158,3.134195,967.75,929.75,950.9333333333333,"[937.375, 946.375, 953.125, 956.75, 947.375, 948.625, 950.875, 948.75, 956.875, 957.5, 951.25, 947.0, 944.25, 956.5, 961.375]"
2017-05-10,0.2305,0.617,0.4683,0.1698,115.8,57.0,107.0,192.8,167.3,136.8,176.5,140.8,161.3,198.9,127.0,19438.6,1244.14,98.31565217,51.4,3.202095652,989.0,909.5,953.6666666666666,"[977.875, 969.375, 964.125, 967.5, 970.625, 977.0, 957.625, 950.375, 957.0, 953.125, 947.5, 945.25, 933.125, 919.5, 915.0]"
2017-06-09,0.2375,0.649,0.5044,0.1698,115.8,57.0,107.0,193.6,167.6,141.2,171.1,143.2,155.4,201.3,128.1,19438.6,1260.07,97.02172727,47.59227273,3.289054545,947.5,900.25,925.8333333333334,"[938.375, 936.75, 936.625, 935.0, 932.0, 937.125, 940.625, 933.375, 924.75, 911.75, 904.625, 908.0, 913.5, 914.0, 921.0]"
2017-07-12,0.2208,0.662,0.5103,0.1864,115.94,57.0,107.0,193.5,169.4,153.1,186.4,149.9,171.9,200.3,127.8,19692.6,1235.62,95.0492381,49.1325,3.206814286,1031.0,958.25,994.7583333333333,"[1020.75, 995.125, 982.125, 988.375, 995.0, 994.625, 1006.125, 1007.5, 993.125, 1001.875, 982.125, 994.125, 998.625, 989.375, 972.5]"
2017-08-10,0.229,0.744,0.5256,0.1826,119.23,57.0,107.0,193.8,158.2,133.7,169.5,132.1,153.7,200.3,127.7,19692.6,1281.68,93.1756087,51.90086957,3.151056522,981.0,917.25,933.9083333333333,"[956.5, 934.875, 929.625, 927.25, 921.25, 926.875, 933.375, 933.125, 933.125, 936.125, 937.5, 939.5, 938.25, 933.375, 927.875]"
2017-09-12,0.2288,0.7511,0.4923,0.1883,120.59,57.0,107.0,194.8,156.1,129.9,173.2,127.7,157.7,198.5,127.6,19692.6,1316.85,92.31957143,55.6405,3.13377619,987.0,937.5,966.6333333333333,"[951.5, 955.0, 969.25, 972.5, 971.25, 965.125, 969.375, 968.0, 978.0, 978.375, 968.375, 963.25, 961.75, 965.625, 962.125]"
2017-10-12,0.2074,0.7525,0.4805,0.1882,120.58,57.0,107.0,194.9,156.3,129.2,172.8,126.7,158.2,198.0,128.9,20037.1,1278.74,93.64640909,57.63090909,3.19005,1003.25,959.0,981.7916666666666,"[978.375, 996.75, 994.625, 986.5, 985.125, 986.0, 986.125, 978.875, 977.875, 979.25, 974.5, 973.125, 976.375, 974.25, 979.125]"
2017-11-09,0.2047,0.7594,0.4871,0.1989,120.44,57.0,108.0,195.9,161.6,129.0,173.7,125.2,159.9,196.9,129.7,20037.1,1280.82,94.02004545,62.765,3.259127273,1008.25,967.0,986.75,"[995.875, 987.375, 982.0, 972.25, 973.0, 974.25, 981.75, 987.5, 988.75, 993.5, 995.375, 996.0, 991.75, 992.875, 989.0]"
2017-12-12,0.214,0.7517,0.4783,0.1941,120.44,57.0,108.0,196.3,160.5,130.5,176.5,128.8,161.9,196.6,129.1,20037.1,1264.38,93.44995,64.0375,3.293452381,986.25,943.25,960.6583333333333,"[980.625, 978.75, 973.75, 968.125, 963.875, 959.5, 956.375, 952.125, 949.25, 957.625, 959.125, 949.5, 948.875, 954.625, 957.75]"
2018-01-12,0.2251,0.7314,0.4893,0.1975,119.52,56.0,110.0,197.9,160.6,135.4,174.6,132.7,159.7,196.6,130.0,20328.6,1330.4,90.88340909,69.01047619,3.216308696,1004.75,944.5,981.7,"[953.625, 966.625, 965.25, 970.625, 977.375, 983.625, 984.125, 987.5, 994.5, 989.625, 992.5, 996.5, 995.5, 986.5, 981.625]"
2018-02-08,0.2537,0.7228,0.4909,0.1875,119.52,54.0,112.0,199.3,162.3,143.3,181.3,141.1,168.5,197.2,131.0,20328.6,1332.53,89.63315,65.66105263,3.24407,1057.5,977.75,1021.5583333333333,"[986.875, 984.75, 996.625, 1006.125, 1012.75, 1020.125, 1020.125, 1031.75, 1028.75, 1032.125, 1033.75, 1040.875, 1038.0, 1041.5, 1049.25]"
2018-03-08,0.2644,0.6552,0.466,0.1689,119.52,47.0,113.0,199.3,169.1,150.6,187.0,148.2,172.9,198.9,132.3,20328.6,1325.73,89.86819048,66.68333333,3.275277273,1069.25,1009.25,1036.0333333333333,"[1062.875, 1050.75, 1038.5, 1046.625, 1042.5, 1036.625, 1045.375, 1033.625, 1026.0, 1031.0, 1028.875, 1021.75, 1032.625, 1024.25, 1019.125]"
2018-04-10,0.2616,0.6233,0.4531,0.174,119.52,40.0,115.0,200.3,163.7,151.5,189.2,148.4,174.8,199.4,132.6,20580.9,1335.15,90.18152381,71.72809524,3.397985714,1067.25,1016.25,1041.05,"[1054.5, 1053.0, 1054.5, 1059.375, 1050.125, 1044.625, 1045.75, 1038.75, 1033.125, 1025.25, 1021.25, 1026.875, 1029.25, 1032.875, 1046.5]"
2018-05-10,0.1947,0.6067,0.4533,0.1347,116.48,56.0,117.0,203.2,167.9,155.1,184.6,154.2,169.5,201.1,132.6,20580.9,1303.27,93.27073913,77.07636364,3.619452174,1050.75,992.5,1021.4916666666667,"[1024.0, 1012.25, 1013.875, 1015.25, 1008.625, 1000.0, 1000.25, 1019.25, 1028.125, 1033.75, 1043.125, 1039.75, 1038.75, 1023.25, 1022.125]"
2018-06-12,0.1803,0.5938,0.4917,0.126,116.48,56.0,118.0,204.2,166.2,151.0,174.0,144.9,159.0,200.2,134.2,20580.9,1281.5,94.36009524,75.91428571,3.77467619,963.25,841.5,893.6416666666667,"[957.625, 946.375, 930.875, 916.375, 905.625, 873.625, 886.5, 884.75, 888.125, 885.375, 871.75, 872.0, 864.5, 867.0, 854.125]"
2018-07-12,0.2658,0.6809,0.5326,0.1239,117.3,57.0,120.5,204.3,161.0,138.4,157.5,132.2,143.3,198.8,134.6,20798.7,1238.98,94.57886364,74.80142857,3.828027273,906.0,810.5,853.4583333333334,"[831.75, 824.875, 824.25, 836.75, 841.125, 841.75, 847.25, 851.0, 852.625, 857.5, 869.625, 866.125, 876.25, 889.625, 891.375]"
2018-08-10,0.3573,0.7116,0.5143,0.1333,124.81,57.0,120.5,203.4,152.7,144.5,157.5,137.6,143.1,197.7,134.0,20798.7,1201.26,95.34421739,73.86565217,3.916113043,896.0,817.0,855.7166666666667,"[871.25, 849.5, 861.0, 864.5, 871.375, 879.25, 888.25, 878.375, 865.5, 851.875, 844.625, 832.375, 828.375, 825.25, 824.25]"
2018-09-12,0.3828,0.7506,0.4903,0.1396,127.73,57.0,120.5,203.6,149.7,138.8,146.4,133.6,131.5,197.1,134.5,20798.7,1198.35,94.7719,79.15578947,4.105895,867.25,812.25,840.9833333333333,"[833.125, 839.125, 833.75, 825.625, 818.75, 822.5, 840.125, 845.5, 841.75, 847.625, 849.875, 852.75, 850.625, 853.5, 860.125]"
2018-10-11,0.401,0.7569,0.4946,0.143,127.63,57.0,120.5,204.6,153.4,139.2,151.1,133.8,136.8,197.4,136.1,20917.9,1214.32,95.77543478,80.59913043,3.776978261,892.0,831.75,858.75,"[855.5, 863.25, 877.75, 885.25, 885.875, 873.25, 861.25, 859.25, 856.875, 853.375, 845.5, 845.125, 844.875, 837.125, 837.0]"
2018-11-08,0.4328,0.7934,0.462,0.1375,125.18,55.5,120.5,202.3,158.0,142.8,154.0,139.5,140.8,197.2,136.7,20917.9,1220.84,96.74363636,65.97909091,3.77905,897.5,857.0,881.4333333333333,"[874.0, 881.375, 883.375, 884.0, 883.125, 890.625, 888.25, 881.75, 878.125, 882.5, 882.25, 870.0, 869.125, 884.5, 888.5]"
2018-12-11,0.4328,0.8619,0.4744,0.1416,125.18,55.5,122.0,201.0,165.9,148.0,162.0,145.6,148.4,198.0,136.3,20917.9,1249.2,96.92495,57.7615,3.886595,928.0,867.0,896.0583333333333,"[911.625, 921.625, 912.625, 905.0, 904.75, 907.5, 904.5, 899.125, 889.0, 883.0, 879.125, 871.5, 878.125, 884.125, 889.25]"
2019-02-08,0.4103,0.5982,0.5378,0.1398,123.66,55.0,117.0,199.2,160.6,148.7,162.7,146.2,148.6,198.8,136.4,21104.1,1319.71,96.44805,64.35,3.716475,921.0,888.25,907.6666666666666,"[913.0, 911.125, 912.625, 916.875, 910.625, 905.5, 903.0, 899.125, 908.375, 911.125, 915.625, 904.875, 905.375, 901.125, 896.625]"
2019-03-08,0.4041,0.6047,0.5267,0.1481,123.66,55.0,116.5,200.8,160.4,141.4,156.3,140.3,144.8,199.4,136.8,21104.1,1301.72,96.71461905,66.99285714,3.827290476,912.0,886.0,900.675,"[898.375, 894.25, 893.75, 897.75, 900.875, 904.625, 906.625, 904.875, 902.875, 907.75, 907.5, 904.875, 903.5, 893.375, 889.125]"
2019-04-09,0.4017,0.5661,0.5645,0.1659,123.66,55.0,117.0,202.1,162.9,141.3,160.3,141.0,145.8,201.1,137.4,21384.8,1286.41,97.33745455,71.59380952,3.896740909,904.0,838.5,878.0333333333333,"[898.5, 900.5, 898.75, 896.125, 898.375, 892.625, 884.5, 879.25, 879.75, 869.75, 859.875, 858.125, 856.125, 853.375, 844.875]"
2019-05-10,0.4323,0.5494,0.5957,0.2004,112.95,53.0,123.0,201.7,161.5,142.7,148.9,144.1,134.0,202.0,137.5,21384.8,1283.26,97.71821739,70.17954545,3.994886957,892.75,791.0,838.025,"[812.5, 799.0, 821.75, 837.625, 839.5, 831.125, 831.75, 832.75, 827.0, 825.5, 825.75, 847.875, 878.125, 876.5, 883.625]"
2019-06-11,0.4657,0.5216,0.5957,0.1385,112.95,53.0,123.0,200.3,165.8,165.3,155.4,170.4,140.4,202.2,138.3,21384.8,1356.74,96.8769,62.9305,3.863215,921.5,850.25,896.0666666666667,"[856.875, 868.25, 883.25, 891.75, 907.375, 912.125, 907.5, 907.0, 909.875, 905.375, 909.125, 897.625, 890.875, 896.625, 897.375]"
2019-07-11,0.3541,0.5024,0.5903,0.1661,104.64,53.0,123.0,200.7,164.2,168.0,161.7,176.6,146.4,202.0,138.6,21694.3,1415.4,97.23730435,64.19434783,3.78316913,918.0,862.75,889.6666666666666,"[893.375, 904.625, 909.25, 892.5, 887.875, 880.625, 892.625, 895.875, 886.75, 889.375, 888.5, 885.75, 886.25, 879.25, 872.375]"
2019-08-12,0.3368,0.5216,0.5882,0.1805,100.16,53.0,123.0,199.2,156.8,145.4,160.3,149.9,144.5,202.2,137.7,21694.3,1498.85,97.97395455,59.41681818,4.011437273,883.75,839.5,859.6333333333333,"[871.625, 873.5, 872.625, 864.875, 863.125, 858.5, 857.5, 859.125, 862.375, 850.625, 849.625, 847.5, 847.125, 856.5, 859.875]"
2019-09-12,0.2856,0.5005,0.6108,0.1816,98.87,53.0,123.0,198.4,151.5,142.1,156.8,145.1,141.6,202.2,136.7,21694.3,1509.97,98.59504762,62.3805,4.120167143,920.0,869.0,894.6583333333333,"[882.5, 898.25, 899.5, 894.125, 891.875, 890.625, 887.125, 891.0, 894.75, 891.5, 891.125, 885.375, 895.25, 911.625, 915.25]"
2019-10-10,0.2046,0.5269,0.6231,0.1592,96.62,53.0,123.0,198.6,161.1,153.7,168.3,157.7,153.6,201.8,137.9,21902.4,1492.92,98.25143478,59.5926087,4.091016522,945.5,915.25,931.275,"[926.375, 931.375, 938.0, 938.75, 933.125, 934.0, 934.5, 935.125, 938.125, 933.375, 935.875, 928.375, 923.125, 920.625, 918.375]"
2019-11-08,0.2126,0.5067,0.6455,0.1584,96.62,53.0,123.0,199.0,165.6,151.9,166.5,153.3,152.2,203.2,137.9,21902.4,1472.3,98.02295238,62.557,4.149753333,938.75,875.75,907.875,"[932.625, 922.5, 917.5, 917.5, 914.25, 919.375, 915.875, 913.5, 910.0, 904.75, 899.5, 897.25, 888.875, 884.375, 880.25]"
2019-12-10,0.2126,0.5008,0.6536,0.1584,96.62,53.0,123.0,199.0,166.3,149.9,166.4,151.0,151.8,203.0,139.7,21902.4,1479.31,97.4352381,65.09190476,4.116137619,943.5,888.25,922.2833333333333,"[899.25, 897.0, 895.0, 909.25, 917.625, 925.625, 926.5, 925.25, 927.0, 932.25, 933.25, 938.375, 935.125, 934.125, 938.625]"
2020-01-10,0.2126,0.5008,0.6741,0.1539,96.84,53.0,123.0,199.3,169.5,158.7,173.7,158.1,158.5,202.4,139.0,21706.5,1558.04,97.39231818,63.61227273,4.13979,949.5,872.25,914.5916666666667,"[941.25, 943.75, 943.5, 935.75, 926.125, 926.75, 923.375, 917.625, 909.375, 905.0, 894.125, 893.25, 896.875, 884.625, 877.5]"
2020-02-11,0.1901,0.5008,0.6933,0.1533,96.84,53.0,125.0,196.7,160.8,155.4,165.0,155.3,149.5,200.9,138.3,21706.5,1595.5,98.84245,55.28894737,4.339795,902.0,866.75,887.5166666666667,"[883.5, 887.25, 894.125, 894.625, 893.875, 891.625, 894.625, 894.75, 879.625, 877.0, 881.875, 877.25, 880.875, 889.375, 892.375]"
2020-03-10,0.1903,0.5501,0.7162,0.1533,96.84,54.0,126.0,193.1,157.5,153.1,163.7,154.4,148.2,201.0,135.8,21706.5,1592.41,98.69727273,34.05818182,4.859583182,897.0,821.0,863.6583333333333,"[879.75, 877.875, 862.5, 858.625, 837.875, 827.25, 830.375, 840.375, 855.125, 871.75, 880.125, 888.75, 877.875, 882.0, 884.625]"
2020-04-09,0.2156,0.5727,0.6339,0.1724,96.84,52.0,124.5,185.5,140.4,134.4,159.1,126.0,143.7,201.7,132.0,19913.1,1678.84,99.89081818,26.81857143,5.302675455,870.0,808.25,839.3833333333333,"[860.375, 860.25, 851.125, 845.625, 841.0, 837.25, 830.125, 820.875, 833.0, 841.25, 835.625, 833.0, 829.0, 829.875, 842.375]"
2020-05-12,0.1789,0.5458,0.5505,0.2623,112.26,53.5,131.0,188.6,148.8,131.3,159.4,123.1,144.2,216.3,132.9,19913.1,1715.53,99.62704762,32.5095,5.634514762,858.0,828.5,843.35,"[853.75, 845.25, 839.75, 839.75, 843.25, 843.875, 845.75, 841.125, 834.0, 840.625, 847.375, 845.5, 841.5, 841.5, 847.25]"
2020-06-11,0.1734,0.5179,0.5316,0.2627,112.26,53.5,131.0,191.2,151.4,134.6,161.5,128.1,146.1,204.4,134.5,19913.1,1732.94,97.11863636,40.77227273,5.184559545,898.5,860.0,871.7583333333333,"[865.25, 868.25, 868.0, 868.875, 867.875, 873.25, 876.0, 876.125, 872.0, 873.75, 866.625, 867.25, 864.75, 877.5, 890.875]"
2020-07-10,0.1851,0.5259,0.4884,0.2123,112.54,53.5,131.0,193.0,151.4,133.5,164.1,127.2,148.4,202.1,133.6,21647.6,1837.21,95.74321739,43.245,5.293833478,910.0,870.5,893.9083333333333,"[892.125, 877.625, 877.625, 882.5, 891.375, 895.75, 901.25, 898.75, 896.625, 902.25, 905.75, 905.375, 898.0, 894.75, 888.875]"
2020-08-12,0.2627,0.508,0.4021,0.2196,120.42,53.5,131.0,194.3,149.0,127.1,161.4,120.2,146.7,201.5,132.2,21647.6,1969.31,93.071,45.05238095,5.445841905,967.0,865.0,914.2666666666667,"[873.0, 889.75, 894.625, 907.0, 911.375, 912.75, 907.25, 903.625, 902.25, 909.875, 917.125, 931.625, 944.125, 958.875, 950.75]"
2020-09-11,0.1985,0.5528,0.4087,0.2026,117.38,53.5,133.0,195.5,157.0,143.9,182.1,140.5,167.3,201.8,132.8,21647.6,1926.3,93.33586364,41.92238095,5.394030455,1046.75,975.0,1010.4333333333333,"[986.5, 1002.375, 998.0, 999.375, 1018.625, 1037.0, 1032.875, 1025.125, 1018.25, 1006.0, 1001.625, 999.5, 991.75, 1011.125, 1028.375]"
2020-10-09,0.1253,0.563,0.4279,0.1769,116.15,53.5,133.0,196.5,169.9,155.6,190.6,152.0,175.6,203.2,135.2,22024.5,1900.13,93.40431818,41.54227273,5.621432727,1094.0,1031.5,1063.1166666666666,"[1063.375, 1052.5, 1039.25, 1049.75, 1050.75, 1059.75, 1053.0, 1058.5, 1070.625, 1074.375, 1077.125, 1083.875, 1087.875, 1069.25, 1056.75]"
2020-11-10,0.0819,0.589,0.4283,0.1398,113.5,51.0,133.0,198.3,173.0,168.4,210.0,166.6,194.6,205.0,134.6,22024.5,1870.86,92.67128571,43.7845,5.451658095,1200.0,1108.0,1169.275,"[1130.625, 1153.625, 1146.875, 1147.5, 1149.625, 1167.25, 1178.75, 1171.5, 1186.75, 1193.0, 1184.0, 1190.875, 1186.625, 1183.5, 1168.625]"
2020-12-10,0.0749,0.5974,0.4304,0.1398,113.5,50.0,133.0,200.5,166.3,171.8,218.1,170.7,202.4,204.6,134.1,22024.5,1855.12,90.56468182,50.21136364,5.151442727,1321.5,1150.25,1225.8166666666666,"[1164.125, 1156.875, 1167.125, 1173.875, 1188.375, 1191.375, 1213.125, 1228.75, 1244.5, 1253.625, 1267.0, 1262.25, 1271.875, 1294.0, 1310.375]"
2021-01-12,0.06,0.5541,0.4304,0.1291,112.55,48.0,133.0,204.8,178.8,203.8,259.0,209.0,243.1,205.0,135.0,22600.2,1866.44,90.1893,55.33842105,5.3469035,1436.5,1298.0,1376.2916666666667,"[1391.125, 1419.875, 1419.375, 1424.0, 1402.25, 1368.25, 1376.25, 1336.125, 1325.125, 1355.0, 1379.625, 1368.375, 1356.125, 1366.125, 1356.75]"
2021-02-09,0.0514,0.5628,0.4231,0.1249,112.55,48.0,133.0,210.6,182.5,216.5,256.9,224.8,240.3,208.6,136.1,22600.2,1813.98,90.6157,62.23526316,5.4034035,1443.0,1337.25,1389.5166666666667,"[1393.5, 1378.5, 1358.5, 1369.625, 1383.875, 1383.125, 1380.625, 1377.625, 1379.75, 1402.75, 1416.625, 1417.375, 1394.125, 1407.0, 1399.75]"
2021-03-09,0.0514,0.5169,0.4273,0.1249,112.55,47.5,134.0,215.0,184.3,215.5,266.1,222.8,248.5,211.8,138.5,22600.2,1723.09,91.92147826,65.70217391,5.643303043,1445.75,1383.0,1414.7583333333334,"[1432.5, 1427.0, 1411.625, 1405.0, 1412.875, 1418.875, 1416.625, 1404.75, 1404.125, 1414.5, 1424.625, 1425.875, 1421.125, 1409.0, 1392.875]"
2021-04-09,0.052,0.5105,0.4431,0.1117,112.55,47.5,136.0,217.9,192.8,225.5,260.4,239.5,241.8,217.7,142.5,23292.4,1756.43,91.72118182,65.32428571,5.574577727,1608.75,1378.0,1475.7083333333333,"[1409.875, 1393.375, 1388.375, 1402.75, 1414.25, 1427.875, 1444.625, 1467.75, 1483.625, 1520.625, 1534.875, 1556.75, 1578.375, 1556.625, 1555.875]"
2021-05-12,0.0597,0.4784,0.4636,0.1224,119.88,52.0,144.0,224.9,211.7,285.5,306.0,310.7,286.4,223.9,142.8,23292.4,1845.94,90.37366667,68.2585,5.305053333,1667.5,1489.25,1556.4083333333333,"[1641.375, 1610.125, 1594.875, 1589.375, 1586.875, 1549.125, 1538.375, 1526.5, 1516.0, 1518.625, 1507.375, 1515.625, 1539.25, 1557.875, 1554.75]"
2021-06-10,0.0661,0.4784,0.4834,0.1102,119.88,52.0,144.0,228.9,207.0,260.8,271.4,282.8,251.8,228.9,145.6,23292.4,1838.04,90.94309091,73.33454545,5.03617,1576.5,1323.5,1418.125,"[1556.875, 1523.875, 1479.625, 1474.125, 1458.75, 1386.75, 1369.5, 1396.25, 1410.25, 1393.875, 1365.375, 1355.25, 1345.875, 1360.25, 1395.25]"
2021-07-12,0.0661,0.5065,0.549,0.116,119.88,52.0,144.0,231.85,201.463,249.686,267.228,265.511,246.4,225.335,147.625,23829.0,1803.63,92.51890909,74.15714286,5.152159545,1480.0,1378.5,1427.8166666666666,"[1394.0, 1412.75, 1432.75, 1450.875, 1458.875, 1453.125, 1440.875, 1440.125, 1415.875, 1407.875, 1397.75, 1427.625, 1423.125, 1438.25, 1423.375]"
2021-08-12,0.0666,0.5025,0.5442,0.1014,118.08,52.0,144.0,233.415,202.896,251.986,258.036,259.263,237.329,229.188,148.312,23829.0,1786.1,92.77895455,70.51545455,5.253645909,1386.5,1272.5,1336.4833333333333,"[1352.0, 1354.375, 1376.625, 1375.625, 1362.75, 1337.375, 1309.375, 1301.125, 1319.0, 1342.25, 1357.625, 1346.125, 1328.125, 1302.875, 1282.0]"
2021-09-10,0.0805,0.4886,0.5541,0.1143,119.04,52.0,144.0,235.678,197.868,223.168,239.547,219.711,218.268,231.889,147.851,23829.0,1779.83,92.896,74.99095238,5.262778182,1308.0,1249.0,1282.575,"[1281.375, 1285.625, 1289.25, 1286.0, 1299.625, 1288.375, 1274.0, 1266.5, 1277.625, 1283.0, 1284.125, 1289.5, 1281.0, 1280.625, 1272.0]"
2021-10-12,0.1386,0.5202,0.5611,0.1221,121.06,51.0,144.0,240.465,197.416,217.941,226.417,210.071,203.688,229.355,150.266,24654.6,1775.0,93.99080952,83.74428571,5.52935381,1257.5,1184.5,1225.4916666666666,"[1212.75, 1197.875, 1200.625, 1211.5, 1217.625, 1227.75, 1237.125, 1235.75, 1223.75, 1227.125, 1238.125, 1242.25, 1239.5, 1234.875, 1235.75]"
2021-11-09,0.1474,0.4982,0.5611,0.1211,120.43,49.5,144.0,243.287,206.125,232.69,226.813,224.813,203.615,229.493,153.389,24654.6,1818.32,95.25109091,80.7047619,5.556645909,1289.25,1181.25,1249.4666666666667,"[1211.0, 1215.5, 1220.125, 1235.125, 1248.875, 1255.0, 1270.0, 1275.0, 1267.125, 1269.75, 1271.125, 1272.125, 1247.125, 1254.625, 1229.5]"
2021-12-09,0.1474,0.4982,0.5611,0.1211,120.43,49.5,144.0,241.338,213.525,246.904,235.648,241.216,213.19,229.617,155.95,24654.6,1790.34,96.19940909,74.81454545,5.654276522,1375.75,1237.5,1299.45,"[1257.0, 1267.875, 1257.125, 1252.25, 1258.75, 1269.75, 1286.125, 1287.375, 1300.0, 1319.0, 1327.5, 1348.625, 1364.875, 1354.875, 1340.625]"
2022-01-12,0.1516,0.4652,0.4724,0.1241,120.71,46.5,139.0,246.453,220.224,248.6,257.951,246.086,235.206,234.274,157.367,25029.1,1817.81,95.89819048,85.5015,5.537962857,1564.0,1349.75,1424.8083333333334,"[1383.75, 1384.875, 1371.875, 1359.25, 1378.0, 1408.5, 1415.625, 1403.125, 1403.5, 1418.75, 1442.5, 1460.25, 1485.125, 1512.0, 1545.0]"
2022-02-09,0.1393,0.4706,0.4511,0.1241,120.71,45.0,134.0,252.66,230.899,260.151,283.916,260.179,262.004,238.775,159.015,25029.1,1853.66,96.0464,94.04105263,5.198066,1765.0,1542.25,1618.925,"[1583.0, 1599.25, 1579.125, 1575.5, 1559.625, 1568.375, 1591.25, 1598.0, 1621.75, 1658.0, 1710.5, 1632.0, 1640.875, 1678.625, 1688.0]"
2022-03-09,0.1224,0.4554,0.4294,0.1158,120.71,43.5,127.0,260.014,250.299,301.702,302.755,298.016,279.991,242.416,165.723,25029.1,1950.41,98.4033913,112.5108696,4.987227391,1736.5,1622.0,1683.3333333333333,"[1701.75, 1681.75, 1680.5, 1682.375, 1656.0, 1663.25, 1662.375, 1670.25, 1688.375, 1703.375, 1713.75, 1713.75, 1699.5, 1685.5, 1647.5]"
2022-04-08,0.1114,0.4406,0.4279,0.1158,120.71,43.5,125.0,265.31,261.884,318.043,310.412,315.84,285.65,249.122,169.567,25544.3,1938.84,100.4808095,105.9625,4.733144286,1757.5,1645.5,1703.6083333333333,"[1667.625, 1674.5, 1669.875, 1666.625, 1681.25, 1704.5, 1717.625, 1732.25, 1740.5, 1730.875, 1704.5, 1709.75, 1718.0, 1718.875, 1717.375]"
2022-05-12,0.1301,0.4576,0.5856,0.1118,126.28,51.0,149.0,273.251,263.817,322.3,302.56,320.415,276.166,253.635,171.296,25544.3,1850.97,103.1387273,111.582381,4.960939091,1749.25,1590.25,1681.9583333333333,"[1608.75, 1632.75, 1659.125, 1664.75, 1671.875, 1678.875, 1697.0, 1702.5, 1685.125, 1681.625, 1702.125, 1731.5, 1711.5, 1690.875, 1711.0]"
2022-06-10,0.1175,0.487,0.5876,0.115,126.28,51.0,149.0,280.251,261.408,322.742,318.392,324.617,291.856,256.04,173.464,25544.3,1838.42,103.7352273,117.6866667,5.033361818,1775.5,1583.0,1677.0,"[1759.125, 1729.5, 1712.625, 1693.625, 1703.0, 1712.5, 1688.875, 1666.25, 1622.75, 1601.75, 1614.625, 1650.875, 1668.625, 1678.25, 1652.625]"
2022-07-12,0.0972,0.5171,0.5745,0.1208,122.61,51.0,149.0,272.274,254.119,280.166,282.868,290.18,258.698,256.595,173.307,25994.6,1738.7,106.8702381,105.1638095,5.371033333,1671.0,1407.75,1505.625,"[1496.375, 1471.0, 1480.25, 1473.125, 1489.5, 1477.75, 1461.5, 1435.375, 1426.25, 1453.875, 1508.5, 1557.0, 1599.875, 1640.125, 1613.875]"
2022-08-12,0.1032,0.5326,0.5571,0.1143,123.3,51.0,149.0,269.546,246.943,274.406,282.69,283.299,259.504,256.454,171.384,25994.6,1765.73,107.0146087,97.68434783,5.142756522,1614.0,1443.75,1518.3666666666666,"[1510.25, 1497.5, 1469.125, 1466.5, 1483.5, 1487.5, 1506.25, 1554.625, 1574.625, 1563.0, 1583.0, 1571.375, 1509.25, 1508.875, 1490.125]"
2022-09-12,0.0851,0.5264,0.5452,0.1015,119.16,51.0,149.0,267.898,247.386,290.946,282.398,299.918,259.933,255.916,169.615,25994.6,1683.37,110.5299545,90.62045455,5.224626818,1508.75,1363.25,1443.8833333333334,"[1446.25, 1492.25, 1471.5, 1456.25, 1444.375, 1452.0, 1468.125, 1474.125, 1462.375, 1438.25, 1421.0, 1422.125, 1401.625, 1413.5, 1394.5]"
2022-10-12,0.0848,0.5068,0.5682,0.0977,117.38,51.0,152.0,265.061,249.274,280.361,256.852,281.492,233.422,254.032,171.374,26408.4,1667.3,111.9378095,93.69904762,5.263502381,1436.5,1357.0,1387.3583333333333,"[1390.75, 1391.875, 1396.375, 1385.625, 1377.125, 1367.75, 1383.375, 1387.0, 1380.625, 1376.25, 1388.25, 1386.5, 1380.375, 1398.375, 1420.125]"
2022-11-09,0.0929,0.5106,0.5644,0.0983,118.27,49.5,152.0,263.157,261.427,277.504,273.938,279.628,252.096,256.049,169.792,26408.4,1723.03,108.3726364,90.765,5.274980455,1478.5,1406.75,1440.2916666666667,"[1445.625, 1439.875, 1441.5, 1444.75, 1448.625, 1439.125, 1419.25, 1421.5, 1427.625, 1435.875, 1431.625, 1439.5, 1442.875, 1458.75, 1467.875]"
2022-12-09,0.0929,0.5,0.5729,0.1045,118.27,49.5,152.0,257.897,260.716,270.886,276.599,275.639,256.533,254.159,169.672,26408.4,1795.68,104.6127619,81.52904762,5.245168182,1532.25,1457.75,1483.6916666666666,"[1485.25, 1470.625, 1474.25, 1477.5, 1477.0, 1475.75, 1468.0, 1473.5, 1482.125, 1473.75, 1475.125, 1497.5, 1496.25, 1508.75, 1520.0]"
2023-01-12,0.0889,0.5182,0.5964,0.1036,116.38,45.5,153.0,260.227,246.265,268.915,276.288,275.574,253.042,255.188,170.105,26813.6,1894.51,102.7551905,83.92761905,5.204039091,1548.5,1478.25,1516.6083333333333,"[1510.125, 1523.125, 1526.75, 1529.875, 1518.75, 1512.875, 1491.375, 1496.75, 1491.5, 1513.125, 1516.75, 1527.125, 1534.125, 1526.75, 1530.125]"
2023-02-08,0.0958,0.5028,0.5718,0.1058,116.38,41.0,153.0,258.669,242.129,279.648,285.199,286.31,264.51,252.191,170.16,26813.6,1859.84,103.5195,83.467,5.169634,1555.5,1489.5,1528.45,"[1516.75, 1522.875, 1529.375, 1546.25, 1538.75, 1526.75, 1526.375, 1528.75, 1542.0, 1546.0, 1539.0, 1535.125, 1524.375, 1503.875, 1500.5]"
2023-03-08,0.0898,0.4835,0.5592,0.1121,116.38,33.0,153.0,257.062,241.473,257.021,276.234,262.233,256.264,254.266,171.057,26813.6,1909.14,103.8605652,79.14869565,5.210467826,1533.75,1405.0,1477.2166666666667,"[1522.375, 1517.125, 1506.75, 1503.75, 1490.375, 1490.0, 1488.0, 1484.0, 1474.875, 1481.0, 1457.625, 1434.75, 1418.5, 1434.375, 1454.75]"
2023-04-11,0.0898,0.4801,0.5756,0.1122,116.38,27.0,154.0,256.908,245.397,270.26,276.764,276.677,257.331,253.399,167.584,27063.0,2000.53,101.7969,83.35210526,5.020064,1531.5,1420.75,1482.2666666666667,"[1496.875, 1500.75, 1511.375, 1496.875, 1507.625, 1521.25, 1513.75, 1497.125, 1490.0, 1481.625, 1454.5, 1445.25, 1431.875, 1437.0, 1448.125]"
2023-05-12,0.1374,0.5567,0.6759,0.1794,122.74,48.0,163.0,253.67,232.02,257.526,265.371,262.913,245.881,253.938,167.3,27063.0,1992.39,102.6471304,75.75173913,4.976663043,1416.75,1270.75,1338.775,"[1402.625, 1398.875, 1380.25, 1349.25, 1335.625, 1324.875, 1324.5, 1328.375, 1326.875, 1319.25, 1332.75, 1315.75, 1286.75, 1317.25, 1338.625]"
2023-06-09,0.1436,0.5609,0.6834,0.1822,122.74,48.0,163.0,253.86,235.74,257.294,252.687,264.737,233.451,253.425,168.017,27063.0,1943.68,103.1284091,74.97863636,4.861344545,1568.0,1356.25,1454.225,"[1372.125, 1380.625, 1393.625, 1389.5, 1409.75, 1447.125, 1474.5, 1500.125, 1494.0, 1485.875, 1501.375, 1507.375, 1467.875, 1465.375, 1524.125]"
2023-07-12,0.1236,0.5518,0.675,0.1826,117.03,48.0,163.0,253.835,228.98,226.695,272.316,225.998,253.156,253.273,167.361,27610.1,1947.1,101.4562857,80.12333333,4.806450952,1580.75,1430.25,1494.0083333333334,"[1464.625, 1463.25, 1484.375, 1487.375, 1487.625, 1501.625, 1491.125, 1494.5, 1518.5, 1515.0, 1531.875, 1555.0, 1507.5, 1458.375, 1449.375]"
2023-08-11,0.101,0.5553,0.6734,0.1785,114.45,48.0,163.0,257.68,222.013,211.044,249.231,209.29,229.817,254.485,165.179,27610.1,1919.16,103.0145217,85.13347826,4.898120435,1400.75,1319.5,1360.0083333333334,"[1347.0, 1347.125, 1334.25, 1332.75, 1340.25, 1351.625, 1375.625, 1361.375, 1347.875, 1361.375, 1371.625, 1392.25, 1387.25, 1379.25, 1370.5]"
2023-09-12,0.0911,0.5976,0.6482,0.1799,112.84,48.0,163.0,258.934,217.925,194.918,246.678,192.563,227.603,255.774,165.762,27610.1,1917.9,105.1341429,92.66333333,4.942543333,1372.25,1265.75,1315.3,"[1356.5, 1342.5, 1355.375, 1353.0, 1330.0, 1313.875, 1316.5, 1307.5, 1297.75, 1292.25, 1298.375, 1307.25, 1297.0, 1289.0, 1272.625]"
2023-10-12,0.0905,0.5952,0.6315,0.1714,111.7,48.0,163.0,255.192,211.503,190.498,232.163,189.092,213.153,255.302,168.101,27957.0,1910.48,106.3320455,88.63863636,5.062725909,1318.5,1250.5,1292.4416666666666,"[1275.125, 1286.0, 1284.25, 1294.5, 1303.125, 1309.0, 1309.75, 1295.0, 1289.125, 1289.625, 1287.625, 1290.625, 1294.875, 1288.0, 1290.0]"
2023-11-09,0.1011,0.5883,0.6648,0.174,112.39,48.0,163.0,252.856,217.533,189.425,251.81,188.152,232.579,252.883,167.544,27957.0,1983.29,104.6141818,81.92045455,4.904681364,1398.5,1323.5,1356.5666666666666,"[1354.5, 1343.375, 1368.125, 1380.0, 1389.0, 1370.75, 1349.125, 1347.5, 1376.625, 1366.375, 1342.25, 1331.25, 1339.75, 1344.5, 1345.375]"
2023-12-08,0.1011,0.5883,0.6298,0.172,112.39,48.0,161.0,249.866,212.946,190.589,241.385,189.156,223.436,253.713,167.136,27957.0,2034.56,102.75375,77.2495,4.900578,1344.0,1292.25,1312.8166666666666,"[1314.875, 1322.75, 1332.25, 1313.0, 1311.625, 1312.25, 1317.5, 1319.125, 1313.625, 1302.5, 1301.0, 1305.25, 1310.875, 1313.625, 1302.0]"
2024-01-12,0.1155,0.6073,0.6226,0.1734,113.34,50.0,157.0,251.306,212.237,183.484,229.752,180.566,209.431,251.917,168.119,28269.2,2034.61,102.7882609,79.08772727,4.912298182,1247.5,1186.75,1217.9583333333333,"[1224.875, 1229.25, 1218.0, 1208.5, 1218.875, 1217.625, 1231.0, 1240.625, 1231.5, 1219.625, 1202.0, 1204.5, 1214.875, 1210.625, 1197.5]"
2024-02-08,0.1299,0.6073,0.6313,0.1744,113.34,50.0,156.0,254.926,219.543,174.163,217.784,171.503,199.841,253.277,169.148,28269.2,2025.32,104.0655714,81.61142857,4.961078571,1204.75,1115.0,1163.9833333333333,"[1192.625, 1189.75, 1189.625, 1190.25, 1179.125, 1167.5, 1168.0, 1181.25, 1168.375, 1157.0, 1142.125, 1133.5, 1140.5, 1134.625, 1125.5]"
2024-03-08,0.1299,0.6073,0.5824,0.1744,113.34,50.0,155.0,254.963,223.127,175.257,220.674,173.95,201.188,255.429,169.676,28269.2,2158.55,103.6297619,84.635,4.979168571,1226.75,1153.75,1193.6833333333334,"[1169.375, 1182.125, 1186.125, 1191.0, 1204.5, 1191.75, 1196.375, 1186.625, 1197.625, 1215.375, 1200.25, 1199.25, 1202.875, 1193.75, 1188.25]"
2024-04-11,0.141,0.6073,0.5824,0.1697,113.34,50.0,155.0,256.772,223.833,174.473,217.832,173.775,199.004,256.517,170.021,28629.2,2331.59,105.3385455,88.92363636,5.118544091,1179.75,1131.75,1156.6416666666667,"[1158.625, 1166.875, 1165.75, 1153.125, 1148.5, 1141.375, 1142.375, 1155.75, 1163.5, 1170.75, 1158.5, 1159.5, 1164.375, 1152.0, 1148.625]"
2024-05-10,0.1755,0.6208,0.6449,0.1667,121.11,51.0,169.0,255.094,227.145,189.132,223.069,186.559,204.383,257.44,169.926,28629.2,2348.58,105.0253043,82.96782609,5.139893913,1258.25,1202.75,1226.9166666666667,"[1213.5, 1219.875, 1213.0, 1220.875, 1214.875, 1223.25, 1237.375, 1239.625, 1241.5, 1247.125, 1243.5, 1240.5, 1221.875, 1213.625, 1213.25]"
2024-06-12,0.1794,0.6208,0.6303,0.1667,121.11,51.0,169.0,255.419,227.781,182.784,218.135,182.307,199.709,257.901,170.762,28629.2,2327.5,105.1249,82.943,5.3762495,1191.25,1146.25,1168.0666666666666,"[1178.75, 1181.125, 1183.5, 1168.25, 1166.125, 1165.375, 1162.375, 1167.875, 1168.875, 1168.75, 1160.125, 1156.625, 1155.0, 1167.125, 1171.125]"
2024-07-12,0.1718,0.5935,0.6157,0.1654,120.7,51.0,169.0,,,,,,,,,,2389.4,104.6863043,83.88565217,5.53978087,1129.0,1023.75,1094.0288461538462,"[1110.75, 1088.375, 1086.625, 1096.25, 1095.0, 1101.375, 1110.125, 1120.0, 1113.875, 1112.0, 1094.375, 1052.25, 1041.375]"
